-- phpMyAdmin SQL Dump
-- version 4.9.7
-- https://www.phpmyadmin.net/
--
-- Хост: vs2164.mirohost.net
-- Время создания: Дек 21 2020 г., 18:17
-- Версия сервера: 10.1.48-MariaDB-1~jessie
-- Версия PHP: 7.3.19-1~deb10u1

SET SQL_MODE = "NO_AUTO_VALUE_ON_ZERO";
SET AUTOCOMMIT = 0;
START TRANSACTION;
SET time_zone = "+00:00";


/*!40101 SET @OLD_CHARACTER_SET_CLIENT=@@CHARACTER_SET_CLIENT */;
/*!40101 SET @OLD_CHARACTER_SET_RESULTS=@@CHARACTER_SET_RESULTS */;
/*!40101 SET @OLD_COLLATION_CONNECTION=@@COLLATION_CONNECTION */;
/*!40101 SET NAMES utf8mb4 */;

--
-- База данных: `nevrologrudych`
--

-- --------------------------------------------------------

--
-- Структура таблицы `failed_jobs`
--

CREATE TABLE IF NOT EXISTS `failed_jobs` (
  `id` bigint(20) UNSIGNED NOT NULL AUTO_INCREMENT,
  `uuid` varchar(191) COLLATE utf8mb4_unicode_ci NOT NULL,
  `connection` text COLLATE utf8mb4_unicode_ci NOT NULL,
  `queue` text COLLATE utf8mb4_unicode_ci NOT NULL,
  `payload` longtext COLLATE utf8mb4_unicode_ci NOT NULL,
  `exception` longtext COLLATE utf8mb4_unicode_ci NOT NULL,
  `failed_at` timestamp NOT NULL DEFAULT CURRENT_TIMESTAMP,
  PRIMARY KEY (`id`),
  UNIQUE KEY `failed_jobs_uuid_unique` (`uuid`)
) ENGINE=InnoDB DEFAULT CHARSET=utf8mb4 COLLATE=utf8mb4_unicode_ci;

-- --------------------------------------------------------

--
-- Структура таблицы `feedback`
--

CREATE TABLE IF NOT EXISTS `feedback` (
  `id` bigint(20) UNSIGNED NOT NULL AUTO_INCREMENT,
  `name` varchar(191) COLLATE utf8mb4_unicode_ci NOT NULL,
  `email` varchar(191) COLLATE utf8mb4_unicode_ci DEFAULT NULL,
  `phone` varchar(20) COLLATE utf8mb4_unicode_ci DEFAULT NULL,
  `message` text COLLATE utf8mb4_unicode_ci,
  `viewed` tinyint(4) NOT NULL DEFAULT '0',
  `form_data` longtext COLLATE utf8mb4_unicode_ci,
  `created_at` timestamp NULL DEFAULT NULL,
  `updated_at` timestamp NULL DEFAULT NULL,
  `deleted_at` timestamp NULL DEFAULT NULL,
  PRIMARY KEY (`id`)
) ENGINE=InnoDB AUTO_INCREMENT=58 DEFAULT CHARSET=utf8mb4 COLLATE=utf8mb4_unicode_ci;

--
-- Дамп данных таблицы `feedback`
--

INSERT INTO `feedback` (`id`, `name`, `email`, `phone`, `message`, `viewed`, `form_data`, `created_at`, `updated_at`, `deleted_at`) VALUES
(50, 'rrrss', 'rrr@ddd.ggg', '0683547482', NULL, 0, NULL, '2020-12-17 09:13:04', '2020-12-17 09:31:43', '2020-12-17 09:31:43'),
(51, 'rrrdd', 'rrr@ddd.ggg', '+38(068)354-74-82', NULL, 0, NULL, '2020-12-17 14:46:44', '2020-12-17 14:46:44', NULL),
(52, 'rrrdddd', 'rrr@ddd.ggg', '+38(068)354-74-82', NULL, 0, NULL, '2020-12-17 14:46:46', '2020-12-17 14:46:46', NULL),
(53, 'rrre', 'rrr@ddd.ggg', '+38(068)354-74-82', NULL, 0, NULL, '2020-12-17 14:54:32', '2020-12-17 14:54:32', NULL),
(54, 'ererererrere', 'rrr@ddd.ggg', '+38(068)354-74-82', NULL, 0, NULL, '2020-12-17 14:55:05', '2020-12-17 14:55:05', NULL),
(55, 'weeeeeeeeeee', NULL, '+38(068)354-74-82', NULL, 0, NULL, '2020-12-17 14:55:13', '2020-12-17 14:55:13', NULL),
(56, 'weeeeeeeeeee', NULL, '+38(068)354-74-82', NULL, 0, NULL, '2020-12-17 14:57:15', '2020-12-17 14:57:15', NULL),
(57, 'Виктор', 'v.heychenko@gmail.com', '+38(068)354-74-82', 'Проба', 0, NULL, '2020-12-17 15:08:53', '2020-12-17 15:08:53', NULL);

-- --------------------------------------------------------

--
-- Структура таблицы `media`
--

CREATE TABLE IF NOT EXISTS `media` (
  `id` bigint(20) UNSIGNED NOT NULL AUTO_INCREMENT,
  `model_type` varchar(191) COLLATE utf8mb4_unicode_ci NOT NULL,
  `model_id` bigint(20) UNSIGNED NOT NULL,
  `uuid` char(36) COLLATE utf8mb4_unicode_ci DEFAULT NULL,
  `collection_name` varchar(191) COLLATE utf8mb4_unicode_ci NOT NULL,
  `name` varchar(191) COLLATE utf8mb4_unicode_ci NOT NULL,
  `file_name` varchar(191) COLLATE utf8mb4_unicode_ci NOT NULL,
  `mime_type` varchar(191) COLLATE utf8mb4_unicode_ci DEFAULT NULL,
  `disk` varchar(191) COLLATE utf8mb4_unicode_ci NOT NULL,
  `conversions_disk` varchar(191) COLLATE utf8mb4_unicode_ci DEFAULT NULL,
  `size` bigint(20) UNSIGNED NOT NULL,
  `manipulations` longtext COLLATE utf8mb4_unicode_ci NOT NULL,
  `custom_properties` longtext COLLATE utf8mb4_unicode_ci NOT NULL,
  `responsive_images` longtext COLLATE utf8mb4_unicode_ci NOT NULL,
  `order_column` int(10) UNSIGNED DEFAULT NULL,
  `created_at` timestamp NULL DEFAULT NULL,
  `updated_at` timestamp NULL DEFAULT NULL,
  PRIMARY KEY (`id`),
  KEY `media_model_type_model_id_index` (`model_type`,`model_id`)
) ENGINE=InnoDB AUTO_INCREMENT=18 DEFAULT CHARSET=utf8mb4 COLLATE=utf8mb4_unicode_ci;

--
-- Дамп данных таблицы `media`
--

INSERT INTO `media` (`id`, `model_type`, `model_id`, `uuid`, `collection_name`, `name`, `file_name`, `mime_type`, `disk`, `conversions_disk`, `size`, `manipulations`, `custom_properties`, `responsive_images`, `order_column`, `created_at`, `updated_at`) VALUES
(2, 'App\\Entity\\Post\\Post', 70, '9095b075-ce16-47b7-a5a3-c0e8aa4bab76', 'post-content', 'phpAy35H6', 'nevrolog-rudych-2.jpg', 'image/jpeg', 'image', 'image', 108150, '[]', '{\"generated_conversions\":{\"content\":true}}', '{\"content\":{\"urls\":[\"nevrolog-rudych-2___content_1080_1080.jpg\",\"nevrolog-rudych-2___content_903_903.jpg\",\"nevrolog-rudych-2___content_755_755.jpg\",\"nevrolog-rudych-2___content_632_632.jpg\",\"nevrolog-rudych-2___content_529_529.jpg\",\"nevrolog-rudych-2___content_442_442.jpg\",\"nevrolog-rudych-2___content_370_370.jpg\",\"nevrolog-rudych-2___content_309_309.jpg\"],\"base64svg\":\"data:image\\/svg+xml;base64,PCFET0NUWVBFIHN2ZyBQVUJMSUMgIi0vL1czQy8vRFREIFNWRyAxLjEvL0VOIiAiaHR0cDovL3d3dy53My5vcmcvR3JhcGhpY3MvU1ZHLzEuMS9EVEQvc3ZnMTEuZHRkIj4KPHN2ZyB2ZXJzaW9uPSIxLjEiIHhtbG5zPSJodHRwOi8vd3d3LnczLm9yZy8yMDAwL3N2ZyIgeG1sbnM6eGxpbms9Imh0dHA6Ly93d3cudzMub3JnLzE5OTkveGxpbmsiIHhtbDpzcGFjZT0icHJlc2VydmUiIHg9IjAiCiB5PSIwIiB2aWV3Qm94PSIwIDAgMTA4MCAxMDgwIj4KCTxpbWFnZSB3aWR0aD0iMTA4MCIgaGVpZ2h0PSIxMDgwIiB4bGluazpocmVmPSJkYXRhOmltYWdlL2pwZWc7YmFzZTY0LC85ai80QUFRU2taSlJnQUJBUUVBWUFCZ0FBRC8vZ0E3UTFKRlFWUlBVam9nWjJRdGFuQmxaeUIyTVM0d0lDaDFjMmx1WnlCSlNrY2dTbEJGUnlCMk5qSXBMQ0J4ZFdGc2FYUjVJRDBnT1RBSy85c0FRd0FEQWdJREFnSURBd01EQkFNREJBVUlCUVVFQkFVS0J3Y0dDQXdLREF3TENnc0xEUTRTRUEwT0VRNExDeEFXRUJFVEZCVVZGUXdQRnhnV0ZCZ1NGQlVVLzlzQVF3RURCQVFGQkFVSkJRVUpGQTBMRFJRVUZCUVVGQlFVRkJRVUZCUVVGQlFVRkJRVUZCUVVGQlFVRkJRVUZCUVVGQlFVRkJRVUZCUVVGQlFVRkJRVUZCUVUvOEFBRVFnQUlBQWdBd0VpQUFJUkFRTVJBZi9FQUI4QUFBRUZBUUVCQVFFQkFBQUFBQUFBQUFBQkFnTUVCUVlIQ0FrS0MvL0VBTFVRQUFJQkF3TUNCQU1GQlFRRUFBQUJmUUVDQXdBRUVRVVNJVEZCQmhOUllRY2ljUlF5Z1pHaENDTkNzY0VWVXRId0pETmljb0lKQ2hZWEdCa2FKU1luS0NrcU5EVTJOemc1T2tORVJVWkhTRWxLVTFSVlZsZFlXVnBqWkdWbVoyaHBhbk4wZFhaM2VIbDZnNFNGaG9lSWlZcVNrNVNWbHBlWW1acWlvNlNscHFlb3FhcXlzN1MxdHJlNHVickN3OFRGeHNmSXljclMwOVRWMXRmWTJkcmg0dVBrNWVibjZPbnE4Zkx6OVBYMjkvajUrdi9FQUI4QkFBTUJBUUVCQVFFQkFRRUFBQUFBQUFBQkFnTUVCUVlIQ0FrS0MvL0VBTFVSQUFJQkFnUUVBd1FIQlFRRUFBRUNkd0FCQWdNUkJBVWhNUVlTUVZFSFlYRVRJaktCQ0JSQ2thR3h3UWtqTTFMd0ZXSnkwUW9XSkRUaEpmRVhHQmthSmljb0tTbzFOamM0T1RwRFJFVkdSMGhKU2xOVVZWWlhXRmxhWTJSbFptZG9hV3B6ZEhWMmQzaDVlb0tEaElXR2g0aUppcEtUbEpXV2w1aVptcUtqcEtXbXA2aXBxckt6dExXMnQ3aTV1c0xEeE1YR3g4akp5dExUMU5YVzE5aloydUxqNU9YbTUranA2dkx6OVBYMjkvajUrdi9hQUF3REFRQUNFUU1SQUQ4QXEvRnFjZUZkSmFaSkJHUUR5YStiZkMzaGJXZml6cmwxTmJUOFE1SVByWDFMOGJ2QXQzNHowV1NDMlJuSUIrNks4Ni9abWlpOEhhdHFHbDNNQkZ4SGtrc09hNzh6bEtMVFJybFZHRmFwYVpzL3M5Mjk1WTYxZGFWcUFKbGlPTW12VVBpRDRSdk5XQ0MwWHAxTmNKNFI4WDJ1cWZGaSt0N0tNUnVwSUp4am12b2pTckdlYUg5NEI5VFhMVG5WcVMxV25jZUtqQ25VY1lIb3Z3MDhEMjg5bkxjWGtTc2hIOFFyemFENEc2ZmYvRmE3dnRQalFSTmtTS280cjBkUEZkM2ErR0hndFlzU2tZeUt1L0NxVmJDNGt1YnNmdjVPdWEwamlxV0tWNzNOWjRURVlTWHcyUERmRW43TkNlQ3ZHMCt2MmNaU0Z4dWZGZWZmRVg0MncrRjBXMlM2TVRxY2RhKzFQaXRxd2s4SjNoampETVVPMDErU1A3UWt0d05iY1NqYXhZMXRKOGtkamxVWFVkMmYvOWs9Ij4KCTwvaW1hZ2U+Cjwvc3ZnPg==\"}}', 1, '2020-12-13 10:16:10', '2020-12-13 10:16:15'),
(3, 'App\\Entity\\Post\\Post', 70, '589df77a-4baf-442a-a483-e5c86cdb178e', 'post-content', 'phpLp8vso', 'large-features-3-570x368.jpg', 'image/jpeg', 'image', 'image', 110441, '[]', '{\"generated_conversions\":{\"content\":true}}', '{\"content\":{\"urls\":[\"large-features-3-570x368___content_570_368.jpg\",\"large-features-3-570x368___content_476_307.jpg\",\"large-features-3-570x368___content_398_256.jpg\",\"large-features-3-570x368___content_333_214.jpg\"],\"base64svg\":\"data:image\\/svg+xml;base64,PCFET0NUWVBFIHN2ZyBQVUJMSUMgIi0vL1czQy8vRFREIFNWRyAxLjEvL0VOIiAiaHR0cDovL3d3dy53My5vcmcvR3JhcGhpY3MvU1ZHLzEuMS9EVEQvc3ZnMTEuZHRkIj4KPHN2ZyB2ZXJzaW9uPSIxLjEiIHhtbG5zPSJodHRwOi8vd3d3LnczLm9yZy8yMDAwL3N2ZyIgeG1sbnM6eGxpbms9Imh0dHA6Ly93d3cudzMub3JnLzE5OTkveGxpbmsiIHhtbDpzcGFjZT0icHJlc2VydmUiIHg9IjAiCiB5PSIwIiB2aWV3Qm94PSIwIDAgNTcwIDM2OCI+Cgk8aW1hZ2Ugd2lkdGg9IjU3MCIgaGVpZ2h0PSIzNjgiIHhsaW5rOmhyZWY9ImRhdGE6aW1hZ2UvanBlZztiYXNlNjQsLzlqLzRBQVFTa1pKUmdBQkFRRUFZQUJnQUFELy9nQTdRMUpGUVZSUFVqb2daMlF0YW5CbFp5QjJNUzR3SUNoMWMybHVaeUJKU2tjZ1NsQkZSeUIyTmpJcExDQnhkV0ZzYVhSNUlEMGdPVEFLLzlzQVF3QURBZ0lEQWdJREF3TURCQU1EQkFVSUJRVUVCQVVLQndjR0NBd0tEQXdMQ2dzTERRNFNFQTBPRVE0TEN4QVdFQkVURkJVVkZRd1BGeGdXRkJnU0ZCVVUvOXNBUXdFREJBUUZCQVVKQlFVSkZBMExEUlFVRkJRVUZCUVVGQlFVRkJRVUZCUVVGQlFVRkJRVUZCUVVGQlFVRkJRVUZCUVVGQlFVRkJRVUZCUVVGQlFVRkJRVS84QUFFUWdBRkFBZUF3RWlBQUlSQVFNUkFmL0VBQjhBQUFFRkFRRUJBUUVCQUFBQUFBQUFBQUFCQWdNRUJRWUhDQWtLQy8vRUFMVVFBQUlCQXdNQ0JBTUZCUVFFQUFBQmZRRUNBd0FFRVFVU0lURkJCaE5SWVFjaWNSUXlnWkdoQ0NOQ3NjRVZVdEh3SkROaWNvSUpDaFlYR0JrYUpTWW5LQ2txTkRVMk56ZzVPa05FUlVaSFNFbEtVMVJWVmxkWVdWcGpaR1ZtWjJocGFuTjBkWFozZUhsNmc0U0Zob2VJaVlxU2s1U1ZscGVZbVpxaW82U2xwcWVvcWFxeXM3UzF0cmU0dWJyQ3c4VEZ4c2ZJeWNyUzA5VFYxdGZZMmRyaDR1UGs1ZWJuNk9ucThmTHo5UFgyOS9qNSt2L0VBQjhCQUFNQkFRRUJBUUVCQVFFQUFBQUFBQUFCQWdNRUJRWUhDQWtLQy8vRUFMVVJBQUlCQWdRRUF3UUhCUVFFQUFFQ2R3QUJBZ01SQkFVaE1RWVNRVkVIWVhFVElqS0JDQlJDa2FHeHdRa2pNMUx3RldKeTBRb1dKRFRoSmZFWEdCa2FKaWNvS1NvMU5qYzRPVHBEUkVWR1IwaEpTbE5VVlZaWFdGbGFZMlJsWm1kb2FXcHpkSFYyZDNoNWVvS0RoSVdHaDRpSmlwS1RsSldXbDVpWm1xS2pwS1dtcDZpcHFyS3p0TFcydDdpNXVzTER4TVhHeDhqSnl0TFQxTlhXMTlqWjJ1TGo1T1htNStqcDZ2THo5UFgyOS9qNSt2L2FBQXdEQVFBQ0VRTVJBRDhBK3F0UStNVnI0ZDB5VnJPWkptVWNoVG12SGRkL2FTMXFLM2x1ekV3aDNjY1Y0YmFYdXJlSE5ZdUxiVUhkNFNlamsxMzhQaUhUdFMwb1d6MjZ2R1JoampwWGxPVGIzUGVqVFhMb3RTOXJmeGt1ZkdsbmF5cWM0SXo3VjBVUDdRc0hoKzBodFprM01veG12bUR4NThTYlA0ZmF3dHZaS0RHN2Nqc0s2S2U0cy9GdW0ybDhqaFdkY2tWRk9oV1ZkdGFwaXFWNkVxS1RWbWo2UStOUGhEUy9LbW5Gc0ZsQXp1SEZlQStGSkdONWRRRTVqR2NBMFVVNmhWSjZIQy9FandqcGwvRkpjVHdiNVEzRFpybnhlemFUcHR0RGJPVWpBNEZGRmQ4RzFheDVrMG1tZi8vWiI+Cgk8L2ltYWdlPgo8L3N2Zz4=\"}}', 2, '2020-12-13 12:33:22', '2020-12-13 12:33:23'),
(4, 'App\\Entity\\Post\\Post', 70, '40b11639-e38c-4202-96c8-1d674aa48b79', 'post-content', 'phpdGZpib', 'nevrolog-rudych.jpg', 'image/jpeg', 'image', 'image', 151715, '[]', '{\"generated_conversions\":{\"content\":true}}', '{\"content\":{\"urls\":[\"nevrolog-rudych___content_1080_1077.jpg\",\"nevrolog-rudych___content_903_900.jpg\",\"nevrolog-rudych___content_756_753.jpg\",\"nevrolog-rudych___content_632_630.jpg\",\"nevrolog-rudych___content_529_527.jpg\",\"nevrolog-rudych___content_442_440.jpg\",\"nevrolog-rudych___content_370_368.jpg\",\"nevrolog-rudych___content_309_308.jpg\",\"nevrolog-rudych___content_259_258.jpg\"],\"base64svg\":\"data:image\\/svg+xml;base64,PCFET0NUWVBFIHN2ZyBQVUJMSUMgIi0vL1czQy8vRFREIFNWRyAxLjEvL0VOIiAiaHR0cDovL3d3dy53My5vcmcvR3JhcGhpY3MvU1ZHLzEuMS9EVEQvc3ZnMTEuZHRkIj4KPHN2ZyB2ZXJzaW9uPSIxLjEiIHhtbG5zPSJodHRwOi8vd3d3LnczLm9yZy8yMDAwL3N2ZyIgeG1sbnM6eGxpbms9Imh0dHA6Ly93d3cudzMub3JnLzE5OTkveGxpbmsiIHhtbDpzcGFjZT0icHJlc2VydmUiIHg9IjAiCiB5PSIwIiB2aWV3Qm94PSIwIDAgMTA4MCAxMDc3Ij4KCTxpbWFnZSB3aWR0aD0iMTA4MCIgaGVpZ2h0PSIxMDc3IiB4bGluazpocmVmPSJkYXRhOmltYWdlL2pwZWc7YmFzZTY0LC85ai80QUFRU2taSlJnQUJBUUVBWUFCZ0FBRC8vZ0E3UTFKRlFWUlBVam9nWjJRdGFuQmxaeUIyTVM0d0lDaDFjMmx1WnlCSlNrY2dTbEJGUnlCMk5qSXBMQ0J4ZFdGc2FYUjVJRDBnT1RBSy85c0FRd0FEQWdJREFnSURBd01EQkFNREJBVUlCUVVFQkFVS0J3Y0dDQXdLREF3TENnc0xEUTRTRUEwT0VRNExDeEFXRUJFVEZCVVZGUXdQRnhnV0ZCZ1NGQlVVLzlzQVF3RURCQVFGQkFVSkJRVUpGQTBMRFJRVUZCUVVGQlFVRkJRVUZCUVVGQlFVRkJRVUZCUVVGQlFVRkJRVUZCUVVGQlFVRkJRVUZCUVVGQlFVRkJRVUZCUVUvOEFBRVFnQUh3QWZBd0VpQUFJUkFRTVJBZi9FQUI4QUFBRUZBUUVCQVFFQkFBQUFBQUFBQUFBQkFnTUVCUVlIQ0FrS0MvL0VBTFVRQUFJQkF3TUNCQU1GQlFRRUFBQUJmUUVDQXdBRUVRVVNJVEZCQmhOUllRY2ljUlF5Z1pHaENDTkNzY0VWVXRId0pETmljb0lKQ2hZWEdCa2FKU1luS0NrcU5EVTJOemc1T2tORVJVWkhTRWxLVTFSVlZsZFlXVnBqWkdWbVoyaHBhbk4wZFhaM2VIbDZnNFNGaG9lSWlZcVNrNVNWbHBlWW1acWlvNlNscHFlb3FhcXlzN1MxdHJlNHVickN3OFRGeHNmSXljclMwOVRWMXRmWTJkcmg0dVBrNWVibjZPbnE4Zkx6OVBYMjkvajUrdi9FQUI4QkFBTUJBUUVCQVFFQkFRRUFBQUFBQUFBQkFnTUVCUVlIQ0FrS0MvL0VBTFVSQUFJQkFnUUVBd1FIQlFRRUFBRUNkd0FCQWdNUkJBVWhNUVlTUVZFSFlYRVRJaktCQ0JSQ2thR3h3UWtqTTFMd0ZXSnkwUW9XSkRUaEpmRVhHQmthSmljb0tTbzFOamM0T1RwRFJFVkdSMGhKU2xOVVZWWlhXRmxhWTJSbFptZG9hV3B6ZEhWMmQzaDVlb0tEaElXR2g0aUppcEtUbEpXV2w1aVptcUtqcEtXbXA2aXBxckt6dExXMnQ3aTV1c0xEeE1YR3g4akp5dExUMU5YVzE5aloydUxqNU9YbTUranA2dkx6OVBYMjkvajUrdi9hQUF3REFRQUNFUU1SQUQ4QWo4Wi9GN3hmRjQxL3M2empjMmU3QllDdlNQRGVwWDJyYVhjeFhlNW5DWjVGZHI0ZDhKYVhMTWs5NWJ4bVYyNVlpdXc4VWVHdE4welNwSjdHRUIyVEh5aXRQYXFmdnA2STNjT1JlenRxK3A4WStLZmd4SnErb2YybEN1NXpJZHdIYXRyUmZBRXVqUWlNb1RubXV6OFJlSmo0VWpLcXU0dVNTRFhtK3FmSHhMVytNY2tXM2I3VmxVVXFrYkkwcHFVTG85VzhIK01yeVJBMXpPSFFIcm12Yi9EUGpEUmRac2phelhjWm4yL2NacS9NVFEvMmdyNnhzbmpLc1dJNE5aMWo4ZE5mdHZFY1YvRmN1aXEyZGdQYXRLY2VWV1p0VmdwdThENjMrTCt1NlRMNHlrczVaVmhqUTRCUEFyejdXUEJmaHZWc1ROZnhJeC8yaFhMYXRxRC9BQmYweVhVeG0zdW9VeXpkTTE0VHJHc2FoWjNUd2ZhWE94c2ZlcUdxbG5HRXJJaVdHcFRxUnF5dmRlWi8vOWs9Ij4KCTwvaW1hZ2U+Cjwvc3ZnPg==\"}}', 3, '2020-12-13 16:54:42', '2020-12-13 16:54:46'),
(5, 'App\\Entity\\Post\\Post', 2, 'bf85f18c-6a9d-4c35-8ea5-a31d03991f9b', 'thumbnail', '[287076d4-b906-40d7-bbf7-0c2842894726]nevrolog-rudych-3', 'nevrolog-rudych-3.jpg', 'image/jpeg', 'image', 'image', 116192, '[]', '{\"generated_conversions\":{\"thumb\":true}}', '{\"thumb\":{\"urls\":[\"nevrolog-rudych-3___thumb_350_350.jpg\",\"nevrolog-rudych-3___thumb_292_292.jpg\",\"nevrolog-rudych-3___thumb_244_244.jpg\",\"nevrolog-rudych-3___thumb_204_204.jpg\"],\"base64svg\":\"data:image\\/svg+xml;base64,PCFET0NUWVBFIHN2ZyBQVUJMSUMgIi0vL1czQy8vRFREIFNWRyAxLjEvL0VOIiAiaHR0cDovL3d3dy53My5vcmcvR3JhcGhpY3MvU1ZHLzEuMS9EVEQvc3ZnMTEuZHRkIj4KPHN2ZyB2ZXJzaW9uPSIxLjEiIHhtbG5zPSJodHRwOi8vd3d3LnczLm9yZy8yMDAwL3N2ZyIgeG1sbnM6eGxpbms9Imh0dHA6Ly93d3cudzMub3JnLzE5OTkveGxpbmsiIHhtbDpzcGFjZT0icHJlc2VydmUiIHg9IjAiCiB5PSIwIiB2aWV3Qm94PSIwIDAgMzUwIDM1MCI+Cgk8aW1hZ2Ugd2lkdGg9IjM1MCIgaGVpZ2h0PSIzNTAiIHhsaW5rOmhyZWY9ImRhdGE6aW1hZ2UvanBlZztiYXNlNjQsLzlqLzRBQVFTa1pKUmdBQkFRRUFZQUJnQUFELy9nQTdRMUpGUVZSUFVqb2daMlF0YW5CbFp5QjJNUzR3SUNoMWMybHVaeUJKU2tjZ1NsQkZSeUIyTmpJcExDQnhkV0ZzYVhSNUlEMGdPVEFLLzlzQVF3QURBZ0lEQWdJREF3TURCQU1EQkFVSUJRVUVCQVVLQndjR0NBd0tEQXdMQ2dzTERRNFNFQTBPRVE0TEN4QVdFQkVURkJVVkZRd1BGeGdXRkJnU0ZCVVUvOXNBUXdFREJBUUZCQVVKQlFVSkZBMExEUlFVRkJRVUZCUVVGQlFVRkJRVUZCUVVGQlFVRkJRVUZCUVVGQlFVRkJRVUZCUVVGQlFVRkJRVUZCUVVGQlFVRkJRVS84QUFFUWdBSUFBZ0F3RWlBQUlSQVFNUkFmL0VBQjhBQUFFRkFRRUJBUUVCQUFBQUFBQUFBQUFCQWdNRUJRWUhDQWtLQy8vRUFMVVFBQUlCQXdNQ0JBTUZCUVFFQUFBQmZRRUNBd0FFRVFVU0lURkJCaE5SWVFjaWNSUXlnWkdoQ0NOQ3NjRVZVdEh3SkROaWNvSUpDaFlYR0JrYUpTWW5LQ2txTkRVMk56ZzVPa05FUlVaSFNFbEtVMVJWVmxkWVdWcGpaR1ZtWjJocGFuTjBkWFozZUhsNmc0U0Zob2VJaVlxU2s1U1ZscGVZbVpxaW82U2xwcWVvcWFxeXM3UzF0cmU0dWJyQ3c4VEZ4c2ZJeWNyUzA5VFYxdGZZMmRyaDR1UGs1ZWJuNk9ucThmTHo5UFgyOS9qNSt2L0VBQjhCQUFNQkFRRUJBUUVCQVFFQUFBQUFBQUFCQWdNRUJRWUhDQWtLQy8vRUFMVVJBQUlCQWdRRUF3UUhCUVFFQUFFQ2R3QUJBZ01SQkFVaE1RWVNRVkVIWVhFVElqS0JDQlJDa2FHeHdRa2pNMUx3RldKeTBRb1dKRFRoSmZFWEdCa2FKaWNvS1NvMU5qYzRPVHBEUkVWR1IwaEpTbE5VVlZaWFdGbGFZMlJsWm1kb2FXcHpkSFYyZDNoNWVvS0RoSVdHaDRpSmlwS1RsSldXbDVpWm1xS2pwS1dtcDZpcHFyS3p0TFcydDdpNXVzTER4TVhHeDhqSnl0TFQxTlhXMTlqWjJ1TGo1T1htNStqcDZ2THo5UFgyOS9qNSt2L2FBQXdEQVFBQ0VRTVJBRDhBNnEyc2xhSWs5VFhCL0VlL2xNc0drV3o3Skp6ak5lbzZCWWpVN2xZVVBKUFN2TlBqMW8wL2dqeERwZW9NcFB6aml2b01WSnhwdHgzTWNMRlRxeFV0anorUWF0OE85V2poZHpMRE1PcHJqZkdueEF1N080bUVyOE55QlhlZkc3eEZNTk8wdThTM09IQVBBcjUyK0lXcVhsMjZ5ejJ6UW93NEpHTTE0VWFybFN2SjZuUm1sR0ZLcDdteDk2L0J2V0cxYnhSQWlISURjMTdkOFkvZy9iZkV6VDdkUGxFc0pCQnI1LzhBZ0pvdDdwdDg5NlFRVnIyeTQrTHFlR2JodnQwdTFXcjFhZGFOYW82YjNRVG9TbzAxV1d6TVBYdjJmTEhXdEowNjF1a1VpMUF6a2RjVjgzL3RnL0RmU3RFOE53Q3lpUlpJdU1xSytoUEUvd0MwSFp2SHRzNXd6dndNVjRQKzBCcUZ4NGc4TkNXVDk0ejhpb3hqZEdNWVU0L0VaUTVhOEp5cVMrRkgvOWs9Ij4KCTwvaW1hZ2U+Cjwvc3ZnPg==\"}}', 4, '2020-12-13 20:12:43', '2020-12-13 20:12:45'),
(6, 'App\\Entity\\Post\\Post', 70, '49976a6f-e39a-4ea6-9896-7b7f36379882', 'post-content', 'phprDyODj', 'nevrolog-rudych-2.jpg', 'image/jpeg', 'image', 'image', 108150, '[]', '{\"generated_conversions\":{\"content\":true}}', '{\"content\":{\"urls\":[\"nevrolog-rudych-2___content_1080_1080.jpg\",\"nevrolog-rudych-2___content_903_903.jpg\",\"nevrolog-rudych-2___content_755_755.jpg\",\"nevrolog-rudych-2___content_632_632.jpg\",\"nevrolog-rudych-2___content_529_529.jpg\",\"nevrolog-rudych-2___content_442_442.jpg\",\"nevrolog-rudych-2___content_370_370.jpg\",\"nevrolog-rudych-2___content_309_309.jpg\"],\"base64svg\":\"data:image\\/svg+xml;base64,PCFET0NUWVBFIHN2ZyBQVUJMSUMgIi0vL1czQy8vRFREIFNWRyAxLjEvL0VOIiAiaHR0cDovL3d3dy53My5vcmcvR3JhcGhpY3MvU1ZHLzEuMS9EVEQvc3ZnMTEuZHRkIj4KPHN2ZyB2ZXJzaW9uPSIxLjEiIHhtbG5zPSJodHRwOi8vd3d3LnczLm9yZy8yMDAwL3N2ZyIgeG1sbnM6eGxpbms9Imh0dHA6Ly93d3cudzMub3JnLzE5OTkveGxpbmsiIHhtbDpzcGFjZT0icHJlc2VydmUiIHg9IjAiCiB5PSIwIiB2aWV3Qm94PSIwIDAgMTA4MCAxMDgwIj4KCTxpbWFnZSB3aWR0aD0iMTA4MCIgaGVpZ2h0PSIxMDgwIiB4bGluazpocmVmPSJkYXRhOmltYWdlL2pwZWc7YmFzZTY0LC85ai80QUFRU2taSlJnQUJBUUVBWUFCZ0FBRC8vZ0E3UTFKRlFWUlBVam9nWjJRdGFuQmxaeUIyTVM0d0lDaDFjMmx1WnlCSlNrY2dTbEJGUnlCMk5qSXBMQ0J4ZFdGc2FYUjVJRDBnT1RBSy85c0FRd0FEQWdJREFnSURBd01EQkFNREJBVUlCUVVFQkFVS0J3Y0dDQXdLREF3TENnc0xEUTRTRUEwT0VRNExDeEFXRUJFVEZCVVZGUXdQRnhnV0ZCZ1NGQlVVLzlzQVF3RURCQVFGQkFVSkJRVUpGQTBMRFJRVUZCUVVGQlFVRkJRVUZCUVVGQlFVRkJRVUZCUVVGQlFVRkJRVUZCUVVGQlFVRkJRVUZCUVVGQlFVRkJRVUZCUVUvOEFBRVFnQUlBQWdBd0VSQUFJUkFRTVJBZi9FQUI4QUFBRUZBUUVCQVFFQkFBQUFBQUFBQUFBQkFnTUVCUVlIQ0FrS0MvL0VBTFVRQUFJQkF3TUNCQU1GQlFRRUFBQUJmUUVDQXdBRUVRVVNJVEZCQmhOUllRY2ljUlF5Z1pHaENDTkNzY0VWVXRId0pETmljb0lKQ2hZWEdCa2FKU1luS0NrcU5EVTJOemc1T2tORVJVWkhTRWxLVTFSVlZsZFlXVnBqWkdWbVoyaHBhbk4wZFhaM2VIbDZnNFNGaG9lSWlZcVNrNVNWbHBlWW1acWlvNlNscHFlb3FhcXlzN1MxdHJlNHVickN3OFRGeHNmSXljclMwOVRWMXRmWTJkcmg0dVBrNWVibjZPbnE4Zkx6OVBYMjkvajUrdi9FQUI4QkFBTUJBUUVCQVFFQkFRRUFBQUFBQUFBQkFnTUVCUVlIQ0FrS0MvL0VBTFVSQUFJQkFnUUVBd1FIQlFRRUFBRUNkd0FCQWdNUkJBVWhNUVlTUVZFSFlYRVRJaktCQ0JSQ2thR3h3UWtqTTFMd0ZXSnkwUW9XSkRUaEpmRVhHQmthSmljb0tTbzFOamM0T1RwRFJFVkdSMGhKU2xOVVZWWlhXRmxhWTJSbFptZG9hV3B6ZEhWMmQzaDVlb0tEaElXR2g0aUppcEtUbEpXV2w1aVptcUtqcEtXbXA2aXBxckt6dExXMnQ3aTV1c0xEeE1YR3g4akp5dExUMU5YVzE5aloydUxqNU9YbTUranA2dkx6OVBYMjkvajUrdi9hQUF3REFRQUNFUU1SQUQ4QXEvRnFjZUZkSmVaSkJHd0hVMTlOaVhhSjVVTldmTnZoYnd0clB4WjF5Nm10cCtJc2tIMXI1YWRYa2tmU1lUQmUxVnozbjludTN2TEhXcnJTdFFCTXNSeGsxMlBFSnd1ek92aDNUZGoxRDRnK0VielZRZ3RGK3BweGtwcTZPQzV6Znh1OEMzZmpUUlpJTFZHY2dIN29yM01URzhEejZYeEhuWDdNMFVYZzdWdFEwdTVnSzNFZVNTdzVyNHl2RnhrZm9HV3ppcWRtZGQ0UzhYMnVxZkZpL3Q3S01SdXBJSnhqbXRQWU90RGx1ZWJqNnFjbnluMFJwZGpjVFEvdkFQcWE5S2pROWxCSzU4NnBhbm9ud3o4RDI4OW5MY1hrU3NoSDhRcjBwMVhKV0g3TlJaNXZCOERiQy84QWl0ZDMybnhvSW1KRWlxT0s0YWxGUzFaMjBzUktDc2pCOFNmczBKNEs4YlQ2L1p4bElYRzVzVnBDRVZzUk9vNTdubi94RitOc1BoZEJiSmNtSjFPT3RPVFNPZFJiMlBxVlBGZDFhK0dKSUxXTEVwR01pdkFvWm1wUDN6NnZFWlE0L0NYZmhWS3RoY1NYTjJQMzhuWE5leDlaaFcwVFBEcVlPcFMxWjBQeFcxWVNlRTd3eHhobUtIYWE2ZVhrVnppakZ6ZGo4a2YyaEpiZ2EyNGxHMWl4cmpxTzUyd2piUS8vMlE9PSI+Cgk8L2ltYWdlPgo8L3N2Zz4=\"}}', 5, '2020-12-13 21:02:50', '2020-12-13 21:02:52'),
(7, 'App\\Entity\\Post\\Post', 70, '3cea9109-60dd-4745-ad3e-17c00fc308e9', 'post-content', 'phpPtQcOp', 'nevrolog-rudych-3.jpg', 'image/jpeg', 'image', 'image', 116192, '[]', '{\"generated_conversions\":{\"content\":true}}', '{\"content\":{\"urls\":[\"nevrolog-rudych-3___content_1080_1080.jpg\",\"nevrolog-rudych-3___content_903_903.jpg\",\"nevrolog-rudych-3___content_756_756.jpg\",\"nevrolog-rudych-3___content_632_632.jpg\",\"nevrolog-rudych-3___content_529_529.jpg\",\"nevrolog-rudych-3___content_442_442.jpg\",\"nevrolog-rudych-3___content_370_370.jpg\",\"nevrolog-rudych-3___content_309_309.jpg\"],\"base64svg\":\"data:image\\/svg+xml;base64,PCFET0NUWVBFIHN2ZyBQVUJMSUMgIi0vL1czQy8vRFREIFNWRyAxLjEvL0VOIiAiaHR0cDovL3d3dy53My5vcmcvR3JhcGhpY3MvU1ZHLzEuMS9EVEQvc3ZnMTEuZHRkIj4KPHN2ZyB2ZXJzaW9uPSIxLjEiIHhtbG5zPSJodHRwOi8vd3d3LnczLm9yZy8yMDAwL3N2ZyIgeG1sbnM6eGxpbms9Imh0dHA6Ly93d3cudzMub3JnLzE5OTkveGxpbmsiIHhtbDpzcGFjZT0icHJlc2VydmUiIHg9IjAiCiB5PSIwIiB2aWV3Qm94PSIwIDAgMTA4MCAxMDgwIj4KCTxpbWFnZSB3aWR0aD0iMTA4MCIgaGVpZ2h0PSIxMDgwIiB4bGluazpocmVmPSJkYXRhOmltYWdlL2pwZWc7YmFzZTY0LC85ai80QUFRU2taSlJnQUJBUUVBWUFCZ0FBRC8vZ0E3UTFKRlFWUlBVam9nWjJRdGFuQmxaeUIyTVM0d0lDaDFjMmx1WnlCSlNrY2dTbEJGUnlCMk5qSXBMQ0J4ZFdGc2FYUjVJRDBnT1RBSy85c0FRd0FEQWdJREFnSURBd01EQkFNREJBVUlCUVVFQkFVS0J3Y0dDQXdLREF3TENnc0xEUTRTRUEwT0VRNExDeEFXRUJFVEZCVVZGUXdQRnhnV0ZCZ1NGQlVVLzlzQVF3RURCQVFGQkFVSkJRVUpGQTBMRFJRVUZCUVVGQlFVRkJRVUZCUVVGQlFVRkJRVUZCUVVGQlFVRkJRVUZCUVVGQlFVRkJRVUZCUVVGQlFVRkJRVUZCUVUvOEFBRVFnQUlBQWdBd0VSQUFJUkFRTVJBZi9FQUI4QUFBRUZBUUVCQVFFQkFBQUFBQUFBQUFBQkFnTUVCUVlIQ0FrS0MvL0VBTFVRQUFJQkF3TUNCQU1GQlFRRUFBQUJmUUVDQXdBRUVRVVNJVEZCQmhOUllRY2ljUlF5Z1pHaENDTkNzY0VWVXRId0pETmljb0lKQ2hZWEdCa2FKU1luS0NrcU5EVTJOemc1T2tORVJVWkhTRWxLVTFSVlZsZFlXVnBqWkdWbVoyaHBhbk4wZFhaM2VIbDZnNFNGaG9lSWlZcVNrNVNWbHBlWW1acWlvNlNscHFlb3FhcXlzN1MxdHJlNHVickN3OFRGeHNmSXljclMwOVRWMXRmWTJkcmg0dVBrNWVibjZPbnE4Zkx6OVBYMjkvajUrdi9FQUI4QkFBTUJBUUVCQVFFQkFRRUFBQUFBQUFBQkFnTUVCUVlIQ0FrS0MvL0VBTFVSQUFJQkFnUUVBd1FIQlFRRUFBRUNkd0FCQWdNUkJBVWhNUVlTUVZFSFlYRVRJaktCQ0JSQ2thR3h3UWtqTTFMd0ZXSnkwUW9XSkRUaEpmRVhHQmthSmljb0tTbzFOamM0T1RwRFJFVkdSMGhKU2xOVVZWWlhXRmxhWTJSbFptZG9hV3B6ZEhWMmQzaDVlb0tEaElXR2g0aUppcEtUbEpXV2w1aVptcUtqcEtXbXA2aXBxckt6dExXMnQ3aTV1c0xEeE1YR3g4akp5dExUMU5YVzE5aloydUxqNU9YbTUranA2dkx6OVBYMjkvajUrdi9hQUF3REFRQUNFUU1SQUQ4QTZ5MnNWYUlrOVRYMVZqenpoUGlQZnl0TGI2VGJQc2ttT00xNStMcmV5am9laGhLSHRwSEN5RFZ2aDNxMGNMdVpZWmgxTmVmaDhTNU96TzNHWVAyY2JvNHp4cDhRTHV6dUp4Sy9EY2dWTlNVb3l1ejV0cXg5ZmFEWWpVN2xZVVBMSHBYMGJhUnRaczh6K1BlaXorQ1BFT2w2Z3lrL09CaXZGeHk1NDNSN2VYeTVKYW5GZkcveEZPTk8wdThTM1B6Z0hnVjQySHVwWFBleDgxT25aSHpyOFF0VXZMdDFsbnRtaGpZY0VqR2E2Njg1TjdId05XNmRqNzIrRFdzTnEzaWlCRU9RRHpYdlNtbWpzNVQyMzR4L0I2MitKbGhicndKWVNDRFVPQ2tyTTJoVWNHY2hyMzdQbGpyV2s2ZGFYU0tSYWdaeU91S0ZoNExXeGNzVE9XbHo1dS9iQitHK2xhSjRiZ0ZsQ2l5UmNmS0s0Y1RWcFAzVnVjOVREVkZIbmFQUWZnSm90N3B0Njk2M0JXdUhHVjVVN2NwNytBdzhhMStZOXJ1UGk2bmhtNGI3ZEpoV3IzTU0vYVUxSm5qNHVDcFRhUnkzaWY4QWFGczNUYmFUaG1mZ1YydExsWjVxcWNzbGM4Si9hQTFDNDhRZUdoSy83eG41RmZHdWk2MWQ4cDlKamNSR2xoSTNQLy9aIj4KCTwvaW1hZ2U+Cjwvc3ZnPg==\"}}', 6, '2020-12-13 21:03:29', '2020-12-13 21:03:32'),
(8, 'App\\Entity\\Post\\Post', 70, 'fe09375e-7f1b-4bb3-886f-a5a54974a903', 'post-content', 'phpNL1jNE', 'nevrolog-rudych-2.jpg', 'image/jpeg', 'image', 'image', 108150, '[]', '{\"generated_conversions\":{\"content\":true}}', '{\"content\":{\"urls\":[\"nevrolog-rudych-2___content_1080_1080.jpg\",\"nevrolog-rudych-2___content_903_903.jpg\",\"nevrolog-rudych-2___content_755_755.jpg\",\"nevrolog-rudych-2___content_632_632.jpg\",\"nevrolog-rudych-2___content_529_529.jpg\",\"nevrolog-rudych-2___content_442_442.jpg\",\"nevrolog-rudych-2___content_370_370.jpg\",\"nevrolog-rudych-2___content_309_309.jpg\"],\"base64svg\":\"data:image\\/svg+xml;base64,PCFET0NUWVBFIHN2ZyBQVUJMSUMgIi0vL1czQy8vRFREIFNWRyAxLjEvL0VOIiAiaHR0cDovL3d3dy53My5vcmcvR3JhcGhpY3MvU1ZHLzEuMS9EVEQvc3ZnMTEuZHRkIj4KPHN2ZyB2ZXJzaW9uPSIxLjEiIHhtbG5zPSJodHRwOi8vd3d3LnczLm9yZy8yMDAwL3N2ZyIgeG1sbnM6eGxpbms9Imh0dHA6Ly93d3cudzMub3JnLzE5OTkveGxpbmsiIHhtbDpzcGFjZT0icHJlc2VydmUiIHg9IjAiCiB5PSIwIiB2aWV3Qm94PSIwIDAgMTA4MCAxMDgwIj4KCTxpbWFnZSB3aWR0aD0iMTA4MCIgaGVpZ2h0PSIxMDgwIiB4bGluazpocmVmPSJkYXRhOmltYWdlL2pwZWc7YmFzZTY0LC85ai80QUFRU2taSlJnQUJBUUVBWUFCZ0FBRC8vZ0E3UTFKRlFWUlBVam9nWjJRdGFuQmxaeUIyTVM0d0lDaDFjMmx1WnlCSlNrY2dTbEJGUnlCMk5qSXBMQ0J4ZFdGc2FYUjVJRDBnT1RBSy85c0FRd0FEQWdJREFnSURBd01EQkFNREJBVUlCUVVFQkFVS0J3Y0dDQXdLREF3TENnc0xEUTRTRUEwT0VRNExDeEFXRUJFVEZCVVZGUXdQRnhnV0ZCZ1NGQlVVLzlzQVF3RURCQVFGQkFVSkJRVUpGQTBMRFJRVUZCUVVGQlFVRkJRVUZCUVVGQlFVRkJRVUZCUVVGQlFVRkJRVUZCUVVGQlFVRkJRVUZCUVVGQlFVRkJRVUZCUVUvOEFBRVFnQUlBQWdBd0VSQUFJUkFRTVJBZi9FQUI4QUFBRUZBUUVCQVFFQkFBQUFBQUFBQUFBQkFnTUVCUVlIQ0FrS0MvL0VBTFVRQUFJQkF3TUNCQU1GQlFRRUFBQUJmUUVDQXdBRUVRVVNJVEZCQmhOUllRY2ljUlF5Z1pHaENDTkNzY0VWVXRId0pETmljb0lKQ2hZWEdCa2FKU1luS0NrcU5EVTJOemc1T2tORVJVWkhTRWxLVTFSVlZsZFlXVnBqWkdWbVoyaHBhbk4wZFhaM2VIbDZnNFNGaG9lSWlZcVNrNVNWbHBlWW1acWlvNlNscHFlb3FhcXlzN1MxdHJlNHVickN3OFRGeHNmSXljclMwOVRWMXRmWTJkcmg0dVBrNWVibjZPbnE4Zkx6OVBYMjkvajUrdi9FQUI4QkFBTUJBUUVCQVFFQkFRRUFBQUFBQUFBQkFnTUVCUVlIQ0FrS0MvL0VBTFVSQUFJQkFnUUVBd1FIQlFRRUFBRUNkd0FCQWdNUkJBVWhNUVlTUVZFSFlYRVRJaktCQ0JSQ2thR3h3UWtqTTFMd0ZXSnkwUW9XSkRUaEpmRVhHQmthSmljb0tTbzFOamM0T1RwRFJFVkdSMGhKU2xOVVZWWlhXRmxhWTJSbFptZG9hV3B6ZEhWMmQzaDVlb0tEaElXR2g0aUppcEtUbEpXV2w1aVptcUtqcEtXbXA2aXBxckt6dExXMnQ3aTV1c0xEeE1YR3g4akp5dExUMU5YVzE5aloydUxqNU9YbTUranA2dkx6OVBYMjkvajUrdi9hQUF3REFRQUNFUU1SQUQ4QXEvRnFjZUZkSmVaSkJHd0hVMTlOaVhhSjVVTldmTnZoYnd0clB4WjF5Nm10cCtJc2tIMXI1YWRYa2tmU1lUQmUxVnozbjludTN2TEhXcnJTdFFCTXNSeGsxMlBFSnd1ek92aDNUZGoxRDRnK0VielZRZ3RGK3BweGtwcTZPQzV6Znh1OEMzZmpUUlpJTFZHY2dIN29yM01URzhEejZYeEhuWDdNMFVYZzdWdFEwdTVnSzNFZVNTdzVyNHl2RnhrZm9HV3ppcWRtZGQ0UzhYMnVxZkZpL3Q3S01SdXBJSnhqbXRQWU90RGx1ZWJqNnFjbnluMFJwZGpjVFEvdkFQcWE5S2pROWxCSzU4NnBhbm9ud3o4RDI4OW5MY1hrU3NoSDhRcjBwMVhKV0g3TlJaNXZCOERiQy84QWl0ZDMybnhvSW1KRWlxT0s0YWxGUzFaMjBzUktDc2pCOFNmczBKNEs4YlQ2L1p4bElYRzVzVnBDRVZzUk9vNTdubi94RitOc1BoZEJiSmNtSjFPT3RPVFNPZFJiMlBxVlBGZDFhK0dKSUxXTEVwR01pdkFvWm1wUDN6NnZFWlE0L0NYZmhWS3RoY1NYTjJQMzhuWE5leDlaaFcwVFBEcVlPcFMxWjBQeFcxWVNlRTd3eHhobUtIYWE2ZVhrVnppakZ6ZGo4a2YyaEpiZ2EyNGxHMWl4cmpxTzUyd2piUS8vMlE9PSI+Cgk8L2ltYWdlPgo8L3N2Zz4=\"}}', 7, '2020-12-13 21:07:09', '2020-12-13 21:07:12'),
(9, 'App\\Entity\\Post\\Post', 70, 'a08f8b05-c24f-4a38-b666-d5badf76692f', 'post-content', 'phpZ2Iu6q', 'nevrolog-rudych-2.jpg', 'image/jpeg', 'image', 'image', 108150, '[]', '{\"generated_conversions\":{\"content\":true}}', '{\"content\":{\"urls\":[\"nevrolog-rudych-2___content_1080_1080.jpg\",\"nevrolog-rudych-2___content_903_903.jpg\",\"nevrolog-rudych-2___content_755_755.jpg\",\"nevrolog-rudych-2___content_632_632.jpg\",\"nevrolog-rudych-2___content_529_529.jpg\",\"nevrolog-rudych-2___content_442_442.jpg\",\"nevrolog-rudych-2___content_370_370.jpg\",\"nevrolog-rudych-2___content_309_309.jpg\"],\"base64svg\":\"data:image\\/svg+xml;base64,PCFET0NUWVBFIHN2ZyBQVUJMSUMgIi0vL1czQy8vRFREIFNWRyAxLjEvL0VOIiAiaHR0cDovL3d3dy53My5vcmcvR3JhcGhpY3MvU1ZHLzEuMS9EVEQvc3ZnMTEuZHRkIj4KPHN2ZyB2ZXJzaW9uPSIxLjEiIHhtbG5zPSJodHRwOi8vd3d3LnczLm9yZy8yMDAwL3N2ZyIgeG1sbnM6eGxpbms9Imh0dHA6Ly93d3cudzMub3JnLzE5OTkveGxpbmsiIHhtbDpzcGFjZT0icHJlc2VydmUiIHg9IjAiCiB5PSIwIiB2aWV3Qm94PSIwIDAgMTA4MCAxMDgwIj4KCTxpbWFnZSB3aWR0aD0iMTA4MCIgaGVpZ2h0PSIxMDgwIiB4bGluazpocmVmPSJkYXRhOmltYWdlL2pwZWc7YmFzZTY0LC85ai80QUFRU2taSlJnQUJBUUVBWUFCZ0FBRC8vZ0E3UTFKRlFWUlBVam9nWjJRdGFuQmxaeUIyTVM0d0lDaDFjMmx1WnlCSlNrY2dTbEJGUnlCMk5qSXBMQ0J4ZFdGc2FYUjVJRDBnT1RBSy85c0FRd0FEQWdJREFnSURBd01EQkFNREJBVUlCUVVFQkFVS0J3Y0dDQXdLREF3TENnc0xEUTRTRUEwT0VRNExDeEFXRUJFVEZCVVZGUXdQRnhnV0ZCZ1NGQlVVLzlzQVF3RURCQVFGQkFVSkJRVUpGQTBMRFJRVUZCUVVGQlFVRkJRVUZCUVVGQlFVRkJRVUZCUVVGQlFVRkJRVUZCUVVGQlFVRkJRVUZCUVVGQlFVRkJRVUZCUVUvOEFBRVFnQUlBQWdBd0VSQUFJUkFRTVJBZi9FQUI4QUFBRUZBUUVCQVFFQkFBQUFBQUFBQUFBQkFnTUVCUVlIQ0FrS0MvL0VBTFVRQUFJQkF3TUNCQU1GQlFRRUFBQUJmUUVDQXdBRUVRVVNJVEZCQmhOUllRY2ljUlF5Z1pHaENDTkNzY0VWVXRId0pETmljb0lKQ2hZWEdCa2FKU1luS0NrcU5EVTJOemc1T2tORVJVWkhTRWxLVTFSVlZsZFlXVnBqWkdWbVoyaHBhbk4wZFhaM2VIbDZnNFNGaG9lSWlZcVNrNVNWbHBlWW1acWlvNlNscHFlb3FhcXlzN1MxdHJlNHVickN3OFRGeHNmSXljclMwOVRWMXRmWTJkcmg0dVBrNWVibjZPbnE4Zkx6OVBYMjkvajUrdi9FQUI4QkFBTUJBUUVCQVFFQkFRRUFBQUFBQUFBQkFnTUVCUVlIQ0FrS0MvL0VBTFVSQUFJQkFnUUVBd1FIQlFRRUFBRUNkd0FCQWdNUkJBVWhNUVlTUVZFSFlYRVRJaktCQ0JSQ2thR3h3UWtqTTFMd0ZXSnkwUW9XSkRUaEpmRVhHQmthSmljb0tTbzFOamM0T1RwRFJFVkdSMGhKU2xOVVZWWlhXRmxhWTJSbFptZG9hV3B6ZEhWMmQzaDVlb0tEaElXR2g0aUppcEtUbEpXV2w1aVptcUtqcEtXbXA2aXBxckt6dExXMnQ3aTV1c0xEeE1YR3g4akp5dExUMU5YVzE5aloydUxqNU9YbTUranA2dkx6OVBYMjkvajUrdi9hQUF3REFRQUNFUU1SQUQ4QXEvRnFjZUZkSmVaSkJHd0hVMTlOaVhhSjVVTldmTnZoYnd0clB4WjF5Nm10cCtJc2tIMXI1YWRYa2tmU1lUQmUxVnozbjludTN2TEhXcnJTdFFCTXNSeGsxMlBFSnd1ek92aDNUZGoxRDRnK0VielZRZ3RGK3BweGtwcTZPQzV6Znh1OEMzZmpUUlpJTFZHY2dIN29yM01URzhEejZYeEhuWDdNMFVYZzdWdFEwdTVnSzNFZVNTdzVyNHl2RnhrZm9HV3ppcWRtZGQ0UzhYMnVxZkZpL3Q3S01SdXBJSnhqbXRQWU90RGx1ZWJqNnFjbnluMFJwZGpjVFEvdkFQcWE5S2pROWxCSzU4NnBhbm9ud3o4RDI4OW5MY1hrU3NoSDhRcjBwMVhKV0g3TlJaNXZCOERiQy84QWl0ZDMybnhvSW1KRWlxT0s0YWxGUzFaMjBzUktDc2pCOFNmczBKNEs4YlQ2L1p4bElYRzVzVnBDRVZzUk9vNTdubi94RitOc1BoZEJiSmNtSjFPT3RPVFNPZFJiMlBxVlBGZDFhK0dKSUxXTEVwR01pdkFvWm1wUDN6NnZFWlE0L0NYZmhWS3RoY1NYTjJQMzhuWE5leDlaaFcwVFBEcVlPcFMxWjBQeFcxWVNlRTd3eHhobUtIYWE2ZVhrVnppakZ6ZGo4a2YyaEpiZ2EyNGxHMWl4cmpxTzUyd2piUS8vMlE9PSI+Cgk8L2ltYWdlPgo8L3N2Zz4=\"}}', 8, '2020-12-13 21:15:46', '2020-12-13 21:15:48'),
(10, 'App\\Entity\\Post\\Post', 70, '5b06e6c4-cfc3-4860-898c-a90d1bdb23ec', 'post-content', 'php4REkvy', 'nevrolog-rudych-3.jpg', 'image/jpeg', 'image', 'image', 116192, '[]', '{\"generated_conversions\":{\"content\":true}}', '{\"content\":{\"urls\":[\"nevrolog-rudych-3___content_1080_1080.jpg\",\"nevrolog-rudych-3___content_903_903.jpg\",\"nevrolog-rudych-3___content_756_756.jpg\",\"nevrolog-rudych-3___content_632_632.jpg\",\"nevrolog-rudych-3___content_529_529.jpg\",\"nevrolog-rudych-3___content_442_442.jpg\",\"nevrolog-rudych-3___content_370_370.jpg\",\"nevrolog-rudych-3___content_309_309.jpg\"],\"base64svg\":\"data:image\\/svg+xml;base64,PCFET0NUWVBFIHN2ZyBQVUJMSUMgIi0vL1czQy8vRFREIFNWRyAxLjEvL0VOIiAiaHR0cDovL3d3dy53My5vcmcvR3JhcGhpY3MvU1ZHLzEuMS9EVEQvc3ZnMTEuZHRkIj4KPHN2ZyB2ZXJzaW9uPSIxLjEiIHhtbG5zPSJodHRwOi8vd3d3LnczLm9yZy8yMDAwL3N2ZyIgeG1sbnM6eGxpbms9Imh0dHA6Ly93d3cudzMub3JnLzE5OTkveGxpbmsiIHhtbDpzcGFjZT0icHJlc2VydmUiIHg9IjAiCiB5PSIwIiB2aWV3Qm94PSIwIDAgMTA4MCAxMDgwIj4KCTxpbWFnZSB3aWR0aD0iMTA4MCIgaGVpZ2h0PSIxMDgwIiB4bGluazpocmVmPSJkYXRhOmltYWdlL2pwZWc7YmFzZTY0LC85ai80QUFRU2taSlJnQUJBUUVBWUFCZ0FBRC8vZ0E3UTFKRlFWUlBVam9nWjJRdGFuQmxaeUIyTVM0d0lDaDFjMmx1WnlCSlNrY2dTbEJGUnlCMk5qSXBMQ0J4ZFdGc2FYUjVJRDBnT1RBSy85c0FRd0FEQWdJREFnSURBd01EQkFNREJBVUlCUVVFQkFVS0J3Y0dDQXdLREF3TENnc0xEUTRTRUEwT0VRNExDeEFXRUJFVEZCVVZGUXdQRnhnV0ZCZ1NGQlVVLzlzQVF3RURCQVFGQkFVSkJRVUpGQTBMRFJRVUZCUVVGQlFVRkJRVUZCUVVGQlFVRkJRVUZCUVVGQlFVRkJRVUZCUVVGQlFVRkJRVUZCUVVGQlFVRkJRVUZCUVUvOEFBRVFnQUlBQWdBd0VSQUFJUkFRTVJBZi9FQUI4QUFBRUZBUUVCQVFFQkFBQUFBQUFBQUFBQkFnTUVCUVlIQ0FrS0MvL0VBTFVRQUFJQkF3TUNCQU1GQlFRRUFBQUJmUUVDQXdBRUVRVVNJVEZCQmhOUllRY2ljUlF5Z1pHaENDTkNzY0VWVXRId0pETmljb0lKQ2hZWEdCa2FKU1luS0NrcU5EVTJOemc1T2tORVJVWkhTRWxLVTFSVlZsZFlXVnBqWkdWbVoyaHBhbk4wZFhaM2VIbDZnNFNGaG9lSWlZcVNrNVNWbHBlWW1acWlvNlNscHFlb3FhcXlzN1MxdHJlNHVickN3OFRGeHNmSXljclMwOVRWMXRmWTJkcmg0dVBrNWVibjZPbnE4Zkx6OVBYMjkvajUrdi9FQUI4QkFBTUJBUUVCQVFFQkFRRUFBQUFBQUFBQkFnTUVCUVlIQ0FrS0MvL0VBTFVSQUFJQkFnUUVBd1FIQlFRRUFBRUNkd0FCQWdNUkJBVWhNUVlTUVZFSFlYRVRJaktCQ0JSQ2thR3h3UWtqTTFMd0ZXSnkwUW9XSkRUaEpmRVhHQmthSmljb0tTbzFOamM0T1RwRFJFVkdSMGhKU2xOVVZWWlhXRmxhWTJSbFptZG9hV3B6ZEhWMmQzaDVlb0tEaElXR2g0aUppcEtUbEpXV2w1aVptcUtqcEtXbXA2aXBxckt6dExXMnQ3aTV1c0xEeE1YR3g4akp5dExUMU5YVzE5aloydUxqNU9YbTUranA2dkx6OVBYMjkvajUrdi9hQUF3REFRQUNFUU1SQUQ4QTZ5MnNWYUlrOVRYMVZqenpoUGlQZnl0TGI2VGJQc2ttT00xNStMcmV5am9laGhLSHRwSEN5RFZ2aDNxMGNMdVpZWmgxTmVmaDhTNU96TzNHWVAyY2JvNHp4cDhRTHV6dUp4Sy9EY2dWTlNVb3l1ejV0cXg5ZmFEWWpVN2xZVVBMSHBYMGJhUnRaczh6K1BlaXorQ1BFT2w2Z3lrL09CaXZGeHk1NDNSN2VYeTVKYW5GZkcveEZPTk8wdThTM1B6Z0hnVjQySHVwWFBleDgxT25aSHpyOFF0VXZMdDFsbnRtaGpZY0VqR2E2Njg1TjdId05XNmRqNzIrRFdzTnEzaWlCRU9RRHpYdlNtbWpzNVQyMzR4L0I2MitKbGhicndKWVNDRFVPQ2tyTTJoVWNHY2hyMzdQbGpyV2s2ZGFYU0tSYWdaeU91S0ZoNExXeGNzVE9XbHo1dS9iQitHK2xhSjRiZ0ZsQ2l5UmNmS0s0Y1RWcFAzVnVjOVREVkZIbmFQUWZnSm90N3B0Njk2M0JXdUhHVjVVN2NwNytBdzhhMStZOXJ1UGk2bmhtNGI3ZEpoV3IzTU0vYVUxSm5qNHVDcFRhUnkzaWY4QWFGczNUYmFUaG1mZ1YydExsWjVxcWNzbGM4Si9hQTFDNDhRZUdoSy83eG41RmZHdWk2MWQ4cDlKamNSR2xoSTNQLy9aIj4KCTwvaW1hZ2U+Cjwvc3ZnPg==\"}}', 9, '2020-12-13 21:19:05', '2020-12-13 21:19:07'),
(11, 'App\\Entity\\Post\\Post', 70, '76c5dbdc-ed9c-40dc-9916-889f99a6735c', 'post-content', 'phpXjrlvl', 'nevrolog-rudych-2.jpg', 'image/jpeg', 'image', 'image', 108150, '[]', '{\"generated_conversions\":{\"content\":true}}', '{\"content\":{\"urls\":[\"nevrolog-rudych-2___content_1080_1080.jpg\",\"nevrolog-rudych-2___content_903_903.jpg\",\"nevrolog-rudych-2___content_755_755.jpg\",\"nevrolog-rudych-2___content_632_632.jpg\",\"nevrolog-rudych-2___content_529_529.jpg\",\"nevrolog-rudych-2___content_442_442.jpg\",\"nevrolog-rudych-2___content_370_370.jpg\",\"nevrolog-rudych-2___content_309_309.jpg\"],\"base64svg\":\"data:image\\/svg+xml;base64,PCFET0NUWVBFIHN2ZyBQVUJMSUMgIi0vL1czQy8vRFREIFNWRyAxLjEvL0VOIiAiaHR0cDovL3d3dy53My5vcmcvR3JhcGhpY3MvU1ZHLzEuMS9EVEQvc3ZnMTEuZHRkIj4KPHN2ZyB2ZXJzaW9uPSIxLjEiIHhtbG5zPSJodHRwOi8vd3d3LnczLm9yZy8yMDAwL3N2ZyIgeG1sbnM6eGxpbms9Imh0dHA6Ly93d3cudzMub3JnLzE5OTkveGxpbmsiIHhtbDpzcGFjZT0icHJlc2VydmUiIHg9IjAiCiB5PSIwIiB2aWV3Qm94PSIwIDAgMTA4MCAxMDgwIj4KCTxpbWFnZSB3aWR0aD0iMTA4MCIgaGVpZ2h0PSIxMDgwIiB4bGluazpocmVmPSJkYXRhOmltYWdlL2pwZWc7YmFzZTY0LC85ai80QUFRU2taSlJnQUJBUUVBWUFCZ0FBRC8vZ0E3UTFKRlFWUlBVam9nWjJRdGFuQmxaeUIyTVM0d0lDaDFjMmx1WnlCSlNrY2dTbEJGUnlCMk5qSXBMQ0J4ZFdGc2FYUjVJRDBnT1RBSy85c0FRd0FEQWdJREFnSURBd01EQkFNREJBVUlCUVVFQkFVS0J3Y0dDQXdLREF3TENnc0xEUTRTRUEwT0VRNExDeEFXRUJFVEZCVVZGUXdQRnhnV0ZCZ1NGQlVVLzlzQVF3RURCQVFGQkFVSkJRVUpGQTBMRFJRVUZCUVVGQlFVRkJRVUZCUVVGQlFVRkJRVUZCUVVGQlFVRkJRVUZCUVVGQlFVRkJRVUZCUVVGQlFVRkJRVUZCUVUvOEFBRVFnQUlBQWdBd0VSQUFJUkFRTVJBZi9FQUI4QUFBRUZBUUVCQVFFQkFBQUFBQUFBQUFBQkFnTUVCUVlIQ0FrS0MvL0VBTFVRQUFJQkF3TUNCQU1GQlFRRUFBQUJmUUVDQXdBRUVRVVNJVEZCQmhOUllRY2ljUlF5Z1pHaENDTkNzY0VWVXRId0pETmljb0lKQ2hZWEdCa2FKU1luS0NrcU5EVTJOemc1T2tORVJVWkhTRWxLVTFSVlZsZFlXVnBqWkdWbVoyaHBhbk4wZFhaM2VIbDZnNFNGaG9lSWlZcVNrNVNWbHBlWW1acWlvNlNscHFlb3FhcXlzN1MxdHJlNHVickN3OFRGeHNmSXljclMwOVRWMXRmWTJkcmg0dVBrNWVibjZPbnE4Zkx6OVBYMjkvajUrdi9FQUI4QkFBTUJBUUVCQVFFQkFRRUFBQUFBQUFBQkFnTUVCUVlIQ0FrS0MvL0VBTFVSQUFJQkFnUUVBd1FIQlFRRUFBRUNkd0FCQWdNUkJBVWhNUVlTUVZFSFlYRVRJaktCQ0JSQ2thR3h3UWtqTTFMd0ZXSnkwUW9XSkRUaEpmRVhHQmthSmljb0tTbzFOamM0T1RwRFJFVkdSMGhKU2xOVVZWWlhXRmxhWTJSbFptZG9hV3B6ZEhWMmQzaDVlb0tEaElXR2g0aUppcEtUbEpXV2w1aVptcUtqcEtXbXA2aXBxckt6dExXMnQ3aTV1c0xEeE1YR3g4akp5dExUMU5YVzE5aloydUxqNU9YbTUranA2dkx6OVBYMjkvajUrdi9hQUF3REFRQUNFUU1SQUQ4QXEvRnFjZUZkSmVaSkJHd0hVMTlOaVhhSjVVTldmTnZoYnd0clB4WjF5Nm10cCtJc2tIMXI1YWRYa2tmU1lUQmUxVnozbjludTN2TEhXcnJTdFFCTXNSeGsxMlBFSnd1ek92aDNUZGoxRDRnK0VielZRZ3RGK3BweGtwcTZPQzV6Znh1OEMzZmpUUlpJTFZHY2dIN29yM01URzhEejZYeEhuWDdNMFVYZzdWdFEwdTVnSzNFZVNTdzVyNHl2RnhrZm9HV3ppcWRtZGQ0UzhYMnVxZkZpL3Q3S01SdXBJSnhqbXRQWU90RGx1ZWJqNnFjbnluMFJwZGpjVFEvdkFQcWE5S2pROWxCSzU4NnBhbm9ud3o4RDI4OW5MY1hrU3NoSDhRcjBwMVhKV0g3TlJaNXZCOERiQy84QWl0ZDMybnhvSW1KRWlxT0s0YWxGUzFaMjBzUktDc2pCOFNmczBKNEs4YlQ2L1p4bElYRzVzVnBDRVZzUk9vNTdubi94RitOc1BoZEJiSmNtSjFPT3RPVFNPZFJiMlBxVlBGZDFhK0dKSUxXTEVwR01pdkFvWm1wUDN6NnZFWlE0L0NYZmhWS3RoY1NYTjJQMzhuWE5leDlaaFcwVFBEcVlPcFMxWjBQeFcxWVNlRTd3eHhobUtIYWE2ZVhrVnppakZ6ZGo4a2YyaEpiZ2EyNGxHMWl4cmpxTzUyd2piUS8vMlE9PSI+Cgk8L2ltYWdlPgo8L3N2Zz4=\"}}', 10, '2020-12-13 21:32:53', '2020-12-13 21:32:56'),
(12, 'App\\Entity\\Post\\Post', 70, '6a7c97ef-99d6-4d8e-aa39-ae1f59784d08', 'post-content', 'phpWFZoPo', 'large-features-3-570x368.jpg', 'image/jpeg', 'image', 'image', 110441, '[]', '{\"generated_conversions\":{\"content\":true}}', '{\"content\":{\"urls\":[\"large-features-3-570x368___content_570_368.jpg\",\"large-features-3-570x368___content_476_307.jpg\",\"large-features-3-570x368___content_398_256.jpg\",\"large-features-3-570x368___content_333_214.jpg\",\"large-features-3-570x368___content_279_180.jpg\"],\"base64svg\":\"data:image\\/svg+xml;base64,PCFET0NUWVBFIHN2ZyBQVUJMSUMgIi0vL1czQy8vRFREIFNWRyAxLjEvL0VOIiAiaHR0cDovL3d3dy53My5vcmcvR3JhcGhpY3MvU1ZHLzEuMS9EVEQvc3ZnMTEuZHRkIj4KPHN2ZyB2ZXJzaW9uPSIxLjEiIHhtbG5zPSJodHRwOi8vd3d3LnczLm9yZy8yMDAwL3N2ZyIgeG1sbnM6eGxpbms9Imh0dHA6Ly93d3cudzMub3JnLzE5OTkveGxpbmsiIHhtbDpzcGFjZT0icHJlc2VydmUiIHg9IjAiCiB5PSIwIiB2aWV3Qm94PSIwIDAgNTcwIDM2OCI+Cgk8aW1hZ2Ugd2lkdGg9IjU3MCIgaGVpZ2h0PSIzNjgiIHhsaW5rOmhyZWY9ImRhdGE6aW1hZ2UvanBlZztiYXNlNjQsLzlqLzRBQVFTa1pKUmdBQkFRRUFZQUJnQUFELy9nQTdRMUpGUVZSUFVqb2daMlF0YW5CbFp5QjJNUzR3SUNoMWMybHVaeUJKU2tjZ1NsQkZSeUIyTmpJcExDQnhkV0ZzYVhSNUlEMGdPVEFLLzlzQVF3QURBZ0lEQWdJREF3TURCQU1EQkFVSUJRVUVCQVVLQndjR0NBd0tEQXdMQ2dzTERRNFNFQTBPRVE0TEN4QVdFQkVURkJVVkZRd1BGeGdXRkJnU0ZCVVUvOXNBUXdFREJBUUZCQVVKQlFVSkZBMExEUlFVRkJRVUZCUVVGQlFVRkJRVUZCUVVGQlFVRkJRVUZCUVVGQlFVRkJRVUZCUVVGQlFVRkJRVUZCUVVGQlFVRkJRVS84QUFFUWdBRkFBZUF3RVJBQUlSQVFNUkFmL0VBQjhBQUFFRkFRRUJBUUVCQUFBQUFBQUFBQUFCQWdNRUJRWUhDQWtLQy8vRUFMVVFBQUlCQXdNQ0JBTUZCUVFFQUFBQmZRRUNBd0FFRVFVU0lURkJCaE5SWVFjaWNSUXlnWkdoQ0NOQ3NjRVZVdEh3SkROaWNvSUpDaFlYR0JrYUpTWW5LQ2txTkRVMk56ZzVPa05FUlVaSFNFbEtVMVJWVmxkWVdWcGpaR1ZtWjJocGFuTjBkWFozZUhsNmc0U0Zob2VJaVlxU2s1U1ZscGVZbVpxaW82U2xwcWVvcWFxeXM3UzF0cmU0dWJyQ3c4VEZ4c2ZJeWNyUzA5VFYxdGZZMmRyaDR1UGs1ZWJuNk9ucThmTHo5UFgyOS9qNSt2L0VBQjhCQUFNQkFRRUJBUUVCQVFFQUFBQUFBQUFCQWdNRUJRWUhDQWtLQy8vRUFMVVJBQUlCQWdRRUF3UUhCUVFFQUFFQ2R3QUJBZ01SQkFVaE1RWVNRVkVIWVhFVElqS0JDQlJDa2FHeHdRa2pNMUx3RldKeTBRb1dKRFRoSmZFWEdCa2FKaWNvS1NvMU5qYzRPVHBEUkVWR1IwaEpTbE5VVlZaWFdGbGFZMlJsWm1kb2FXcHpkSFYyZDNoNWVvS0RoSVdHaDRpSmlwS1RsSldXbDVpWm1xS2pwS1dtcDZpcHFyS3p0TFcydDdpNXVzTER4TVhHeDhqSnl0TFQxTlhXMTlqWjJ1TGo1T1htNStqcDZ2THo5UFgyOS9qNSt2L2FBQXdEQVFBQ0VRTVJBRDhBK3F0UStNVnI0ZTB5VnJPWlptVWNoVG12T25VY1ZvZXZTcEtiOTQ4ZDEzOXBQV29yZVc3TVRDSGR4eFdhbk5tN3BRUnpXdC9HVzU4WjJkcktwSklZWjlxOHJGVkpjMnA2V0dwUjVkRG9vdjJoSVBEOXBEYXpwdVpSak5lamhxM05BOHpFNGUwOUR4RzB2ZFc4T2F4Y1crb1NPOEpQUjZ0c3VLNm83Nkh4RHAycGFVTFpyZFhqSXd4eFNVMG1relNVTHhiUjRmNDgrSkZsOFB0WVczc2x6RzdjanNLMXJZZUZaYUhEU3hNNkwxT2pudUxQeGJwdHBmSTRWblhKRmE0WENXalpHV0p4cjVybjBoOGFmQ0dsK1ZOT0xZTEtCbmNPS3htbGMzcHlkandId3BJeHZMcUFuTVl6Z0d1ZHJWSGFtMUZuQy9FZndqcGwvRkpjVHdiNVEzRFpyMEl1eVBJa3JzNTliMmJTZE50b2JaOWtZSEFyYUU1UjJNWndVdHovMlE9PSI+Cgk8L2ltYWdlPgo8L3N2Zz4=\"}}', 11, '2020-12-13 21:33:25', '2020-12-13 21:33:25'),
(13, 'App\\Entity\\Post\\Post', 70, '9af2f74a-105f-4324-9ab9-f3303ab11e93', 'post-content', 'phpKKxZcC', 'nevrolog-rudych.jpg', 'image/jpeg', 'image', 'image', 151715, '[]', '{\"generated_conversions\":{\"content\":true}}', '{\"content\":{\"urls\":[\"nevrolog-rudych___content_1080_1077.jpg\",\"nevrolog-rudych___content_903_900.jpg\",\"nevrolog-rudych___content_755_752.jpg\",\"nevrolog-rudych___content_632_630.jpg\",\"nevrolog-rudych___content_529_527.jpg\",\"nevrolog-rudych___content_442_440.jpg\",\"nevrolog-rudych___content_370_368.jpg\",\"nevrolog-rudych___content_309_308.jpg\",\"nevrolog-rudych___content_259_258.jpg\"],\"base64svg\":\"data:image\\/svg+xml;base64,PCFET0NUWVBFIHN2ZyBQVUJMSUMgIi0vL1czQy8vRFREIFNWRyAxLjEvL0VOIiAiaHR0cDovL3d3dy53My5vcmcvR3JhcGhpY3MvU1ZHLzEuMS9EVEQvc3ZnMTEuZHRkIj4KPHN2ZyB2ZXJzaW9uPSIxLjEiIHhtbG5zPSJodHRwOi8vd3d3LnczLm9yZy8yMDAwL3N2ZyIgeG1sbnM6eGxpbms9Imh0dHA6Ly93d3cudzMub3JnLzE5OTkveGxpbmsiIHhtbDpzcGFjZT0icHJlc2VydmUiIHg9IjAiCiB5PSIwIiB2aWV3Qm94PSIwIDAgMTA4MCAxMDc3Ij4KCTxpbWFnZSB3aWR0aD0iMTA4MCIgaGVpZ2h0PSIxMDc3IiB4bGluazpocmVmPSJkYXRhOmltYWdlL2pwZWc7YmFzZTY0LC85ai80QUFRU2taSlJnQUJBUUVBWUFCZ0FBRC8vZ0E3UTFKRlFWUlBVam9nWjJRdGFuQmxaeUIyTVM0d0lDaDFjMmx1WnlCSlNrY2dTbEJGUnlCMk5qSXBMQ0J4ZFdGc2FYUjVJRDBnT1RBSy85c0FRd0FEQWdJREFnSURBd01EQkFNREJBVUlCUVVFQkFVS0J3Y0dDQXdLREF3TENnc0xEUTRTRUEwT0VRNExDeEFXRUJFVEZCVVZGUXdQRnhnV0ZCZ1NGQlVVLzlzQVF3RURCQVFGQkFVSkJRVUpGQTBMRFJRVUZCUVVGQlFVRkJRVUZCUVVGQlFVRkJRVUZCUVVGQlFVRkJRVUZCUVVGQlFVRkJRVUZCUVVGQlFVRkJRVUZCUVUvOEFBRVFnQUh3QWZBd0VSQUFJUkFRTVJBZi9FQUI4QUFBRUZBUUVCQVFFQkFBQUFBQUFBQUFBQkFnTUVCUVlIQ0FrS0MvL0VBTFVRQUFJQkF3TUNCQU1GQlFRRUFBQUJmUUVDQXdBRUVRVVNJVEZCQmhOUllRY2ljUlF5Z1pHaENDTkNzY0VWVXRId0pETmljb0lKQ2hZWEdCa2FKU1luS0NrcU5EVTJOemc1T2tORVJVWkhTRWxLVTFSVlZsZFlXVnBqWkdWbVoyaHBhbk4wZFhaM2VIbDZnNFNGaG9lSWlZcVNrNVNWbHBlWW1acWlvNlNscHFlb3FhcXlzN1MxdHJlNHVickN3OFRGeHNmSXljclMwOVRWMXRmWTJkcmg0dVBrNWVibjZPbnE4Zkx6OVBYMjkvajUrdi9FQUI4QkFBTUJBUUVCQVFFQkFRRUFBQUFBQUFBQkFnTUVCUVlIQ0FrS0MvL0VBTFVSQUFJQkFnUUVBd1FIQlFRRUFBRUNkd0FCQWdNUkJBVWhNUVlTUVZFSFlYRVRJaktCQ0JSQ2thR3h3UWtqTTFMd0ZXSnkwUW9XSkRUaEpmRVhHQmthSmljb0tTbzFOamM0T1RwRFJFVkdSMGhKU2xOVVZWWlhXRmxhWTJSbFptZG9hV3B6ZEhWMmQzaDVlb0tEaElXR2g0aUppcEtUbEpXV2w1aVptcUtqcEtXbXA2aXBxckt6dExXMnQ3aTV1c0xEeE1YR3g4akp5dExUMU5YVzE5aloydUxqNU9YbTUranA2dkx6OVBYMjkvajUrdi9hQUF3REFRQUNFUU1SQUQ4QWo4Wi9GN3hmRjQxL3M2empjMmU3QllDdXljbW82RlVhVVpOWFBTUERlcFgycmFYY3hYZTVuQ1o1RmM5T2JrdFRYRVU0d2Z1bmkzaW40TVNhdnFIOXBRamM1a080RHRUYnM3bUVHMUkydEY4QVM2TkNJekdUbm12T3hFNVNub2VuenEyaDlDZUhmQ1dseXpKUGVXOFpsZHZtWWl0NmVJYmRwSXluUlNWNHM2L3hSNGEwM1ROS2ttc1lRSFpNWlVWMDFKS0swT1dtblVsYVI4LytJdkV4OEtSbFZYY1hPU0RVUjk4M2xCSjZIbStxZkh4TFcrTWNrVzNIdFE2WmNZcHJROVc4SCtNcnlSQTF6T0hRSHJtdWVta21kVmFuYlk5djhNK01ORjFteU5yTmR4bWZiOXhtcnZsRlZGWTh1MHFjcm56VjhYOWQwbVh4azlsTktzTWFIQUo2R3VSemRCN1hPbXJSbldvdjJic3p6N1dQQmZodlZzVE5meElUL3RDbFd4eWt2ZGllWmdNQmlxTW43V2R6eHJRLzJncjZ4c25qS3NXSTROYnFDV3A3cnF1ZTVuV1B4MDErMjhSeFg4Vnk2S3JaMkE5UldpZGpKdzV0ejAzVnRRZjR2NlpMcVlKdDdxRk1zM1ROWnYzbWFwcW1ySGhXc2F4cUZuZFBCOXBjN0d4OTZseVI3RGNtZi8vWiI+Cgk8L2ltYWdlPgo8L3N2Zz4=\"}}', 12, '2020-12-13 21:33:46', '2020-12-13 21:33:48'),
(14, 'App\\Entity\\Post\\Post', 70, 'e1495d9a-915d-4ef2-a2a7-d313a5463d74', 'post-content', 'php7ke93j', 'large-features-3-570x368.jpg', 'image/jpeg', 'image', 'image', 110441, '[]', '{\"generated_conversions\":{\"content\":true}}', '{\"content\":{\"urls\":[\"large-features-3-570x368___content_570_368.jpg\",\"large-features-3-570x368___content_476_307.jpg\",\"large-features-3-570x368___content_398_256.jpg\",\"large-features-3-570x368___content_333_214.jpg\",\"large-features-3-570x368___content_279_180.jpg\"],\"base64svg\":\"data:image\\/svg+xml;base64,PCFET0NUWVBFIHN2ZyBQVUJMSUMgIi0vL1czQy8vRFREIFNWRyAxLjEvL0VOIiAiaHR0cDovL3d3dy53My5vcmcvR3JhcGhpY3MvU1ZHLzEuMS9EVEQvc3ZnMTEuZHRkIj4KPHN2ZyB2ZXJzaW9uPSIxLjEiIHhtbG5zPSJodHRwOi8vd3d3LnczLm9yZy8yMDAwL3N2ZyIgeG1sbnM6eGxpbms9Imh0dHA6Ly93d3cudzMub3JnLzE5OTkveGxpbmsiIHhtbDpzcGFjZT0icHJlc2VydmUiIHg9IjAiCiB5PSIwIiB2aWV3Qm94PSIwIDAgNTcwIDM2OCI+Cgk8aW1hZ2Ugd2lkdGg9IjU3MCIgaGVpZ2h0PSIzNjgiIHhsaW5rOmhyZWY9ImRhdGE6aW1hZ2UvanBlZztiYXNlNjQsLzlqLzRBQVFTa1pKUmdBQkFRRUFZQUJnQUFELy9nQTdRMUpGUVZSUFVqb2daMlF0YW5CbFp5QjJNUzR3SUNoMWMybHVaeUJKU2tjZ1NsQkZSeUIyTmpJcExDQnhkV0ZzYVhSNUlEMGdPVEFLLzlzQVF3QURBZ0lEQWdJREF3TURCQU1EQkFVSUJRVUVCQVVLQndjR0NBd0tEQXdMQ2dzTERRNFNFQTBPRVE0TEN4QVdFQkVURkJVVkZRd1BGeGdXRkJnU0ZCVVUvOXNBUXdFREJBUUZCQVVKQlFVSkZBMExEUlFVRkJRVUZCUVVGQlFVRkJRVUZCUVVGQlFVRkJRVUZCUVVGQlFVRkJRVUZCUVVGQlFVRkJRVUZCUVVGQlFVRkJRVS84QUFFUWdBRkFBZUF3RVJBQUlSQVFNUkFmL0VBQjhBQUFFRkFRRUJBUUVCQUFBQUFBQUFBQUFCQWdNRUJRWUhDQWtLQy8vRUFMVVFBQUlCQXdNQ0JBTUZCUVFFQUFBQmZRRUNBd0FFRVFVU0lURkJCaE5SWVFjaWNSUXlnWkdoQ0NOQ3NjRVZVdEh3SkROaWNvSUpDaFlYR0JrYUpTWW5LQ2txTkRVMk56ZzVPa05FUlVaSFNFbEtVMVJWVmxkWVdWcGpaR1ZtWjJocGFuTjBkWFozZUhsNmc0U0Zob2VJaVlxU2s1U1ZscGVZbVpxaW82U2xwcWVvcWFxeXM3UzF0cmU0dWJyQ3c4VEZ4c2ZJeWNyUzA5VFYxdGZZMmRyaDR1UGs1ZWJuNk9ucThmTHo5UFgyOS9qNSt2L0VBQjhCQUFNQkFRRUJBUUVCQVFFQUFBQUFBQUFCQWdNRUJRWUhDQWtLQy8vRUFMVVJBQUlCQWdRRUF3UUhCUVFFQUFFQ2R3QUJBZ01SQkFVaE1RWVNRVkVIWVhFVElqS0JDQlJDa2FHeHdRa2pNMUx3RldKeTBRb1dKRFRoSmZFWEdCa2FKaWNvS1NvMU5qYzRPVHBEUkVWR1IwaEpTbE5VVlZaWFdGbGFZMlJsWm1kb2FXcHpkSFYyZDNoNWVvS0RoSVdHaDRpSmlwS1RsSldXbDVpWm1xS2pwS1dtcDZpcHFyS3p0TFcydDdpNXVzTER4TVhHeDhqSnl0TFQxTlhXMTlqWjJ1TGo1T1htNStqcDZ2THo5UFgyOS9qNSt2L2FBQXdEQVFBQ0VRTVJBRDhBK3F0UStNVnI0ZTB5VnJPWlptVWNoVG12T25VY1ZvZXZTcEtiOTQ4ZDEzOXBQV29yZVc3TVRDSGR4eFdhbk5tN3BRUnpXdC9HVzU4WjJkcktwSklZWjlxOHJGVkpjMnA2V0dwUjVkRG9vdjJoSVBEOXBEYXpwdVpSak5lamhxM05BOHpFNGUwOUR4RzB2ZFc4T2F4Y1crb1NPOEpQUjZ0c3VLNm83Nkh4RHAycGFVTFpyZFhqSXd4eFNVMG1relNVTHhiUjRmNDgrSkZsOFB0WVczc2x6RzdjanNLMXJZZUZaYUhEU3hNNkwxT2pudUxQeGJwdHBmSTRWblhKRmE0WENXalpHV0p4cjVybjBoOGFmQ0dsK1ZOT0xZTEtCbmNPS3htbGMzcHlkandId3BJeHZMcUFuTVl6Z0d1ZHJWSGFtMUZuQy9FZndqcGwvRkpjVHdiNVEzRFpyMEl1eVBJa3JzNTliMmJTZE50b2JaOWtZSEFyYUU1UjJNWndVdHovMlE9PSI+Cgk8L2ltYWdlPgo8L3N2Zz4=\"}}', 13, '2020-12-14 14:09:50', '2020-12-14 14:09:50'),
(15, 'App\\Entity\\Post\\Post', 70, '2752886c-77d0-4ff3-89b1-effd53d31668', 'post-content', 'phpxK1Uka', 'izobrazenie-viber-2020-12-17-11-52-47.jpg', 'image/jpeg', 'image', 'image', 239780, '[]', '{\"generated_conversions\":{\"content\":true}}', '{\"content\":{\"urls\":[\"izobrazenie-viber-2020-12-17-11-52-47___content_1600_1197.jpg\",\"izobrazenie-viber-2020-12-17-11-52-47___content_1338_1000.jpg\",\"izobrazenie-viber-2020-12-17-11-52-47___content_1120_837.jpg\",\"izobrazenie-viber-2020-12-17-11-52-47___content_937_700.jpg\",\"izobrazenie-viber-2020-12-17-11-52-47___content_783_585.jpg\",\"izobrazenie-viber-2020-12-17-11-52-47___content_655_490.jpg\",\"izobrazenie-viber-2020-12-17-11-52-47___content_548_409.jpg\",\"izobrazenie-viber-2020-12-17-11-52-47___content_459_343.jpg\",\"izobrazenie-viber-2020-12-17-11-52-47___content_384_287.jpg\",\"izobrazenie-viber-2020-12-17-11-52-47___content_321_240.jpg\"],\"base64svg\":\"data:image\\/svg+xml;base64,PCFET0NUWVBFIHN2ZyBQVUJMSUMgIi0vL1czQy8vRFREIFNWRyAxLjEvL0VOIiAiaHR0cDovL3d3dy53My5vcmcvR3JhcGhpY3MvU1ZHLzEuMS9EVEQvc3ZnMTEuZHRkIj4KPHN2ZyB2ZXJzaW9uPSIxLjEiIHhtbG5zPSJodHRwOi8vd3d3LnczLm9yZy8yMDAwL3N2ZyIgeG1sbnM6eGxpbms9Imh0dHA6Ly93d3cudzMub3JnLzE5OTkveGxpbmsiIHhtbDpzcGFjZT0icHJlc2VydmUiIHg9IjAiCiB5PSIwIiB2aWV3Qm94PSIwIDAgMTYwMCAxMTk3Ij4KCTxpbWFnZSB3aWR0aD0iMTYwMCIgaGVpZ2h0PSIxMTk3IiB4bGluazpocmVmPSJkYXRhOmltYWdlL2pwZWc7YmFzZTY0LC85ai80QUFRU2taSlJnQUJBUUVBWUFCZ0FBRC8vZ0E3UTFKRlFWUlBVam9nWjJRdGFuQmxaeUIyTVM0d0lDaDFjMmx1WnlCSlNrY2dTbEJGUnlCMk5qSXBMQ0J4ZFdGc2FYUjVJRDBnT1RBSy85c0FRd0FEQWdJREFnSURBd01EQkFNREJBVUlCUVVFQkFVS0J3Y0dDQXdLREF3TENnc0xEUTRTRUEwT0VRNExDeEFXRUJFVEZCVVZGUXdQRnhnV0ZCZ1NGQlVVLzlzQVF3RURCQVFGQkFVSkJRVUpGQTBMRFJRVUZCUVVGQlFVRkJRVUZCUVVGQlFVRkJRVUZCUVVGQlFVRkJRVUZCUVVGQlFVRkJRVUZCUVVGQlFVRkJRVUZCUVUvOEFBRVFnQUZ3QWZBd0VSQUFJUkFRTVJBZi9FQUI4QUFBRUZBUUVCQVFFQkFBQUFBQUFBQUFBQkFnTUVCUVlIQ0FrS0MvL0VBTFVRQUFJQkF3TUNCQU1GQlFRRUFBQUJmUUVDQXdBRUVRVVNJVEZCQmhOUllRY2ljUlF5Z1pHaENDTkNzY0VWVXRId0pETmljb0lKQ2hZWEdCa2FKU1luS0NrcU5EVTJOemc1T2tORVJVWkhTRWxLVTFSVlZsZFlXVnBqWkdWbVoyaHBhbk4wZFhaM2VIbDZnNFNGaG9lSWlZcVNrNVNWbHBlWW1acWlvNlNscHFlb3FhcXlzN1MxdHJlNHVickN3OFRGeHNmSXljclMwOVRWMXRmWTJkcmg0dVBrNWVibjZPbnE4Zkx6OVBYMjkvajUrdi9FQUI4QkFBTUJBUUVCQVFFQkFRRUFBQUFBQUFBQkFnTUVCUVlIQ0FrS0MvL0VBTFVSQUFJQkFnUUVBd1FIQlFRRUFBRUNkd0FCQWdNUkJBVWhNUVlTUVZFSFlYRVRJaktCQ0JSQ2thR3h3UWtqTTFMd0ZXSnkwUW9XSkRUaEpmRVhHQmthSmljb0tTbzFOamM0T1RwRFJFVkdSMGhKU2xOVVZWWlhXRmxhWTJSbFptZG9hV3B6ZEhWMmQzaDVlb0tEaElXR2g0aUppcEtUbEpXV2w1aVptcUtqcEtXbXA2aXBxckt6dExXMnQ3aTV1c0xEeE1YR3g4akp5dExUMU5YVzE5aloydUxqNU9YbTUranA2dkx6OVBYMjkvajUrdi9hQUF3REFRQUNFUU1SQUQ4QStoL0ZGNmZpZkZxQzNOejVNY0tuYXRlM2hveFZSS1I0bWF6cVF3MDVVOTBqNUcrSU9sdm9GeS8yZTUzWWNqRmZkVktNYU5KU2d6OEZ3V1BxNC9GeXA0aU43SFYvQis2bjBhOGh1NVhMRnowTkdLd24xakJ0TXd3V2IvVU01aTRLeXVlcmVOL0dkL29CanZJSVNZNUFPY1YrVFlMRHdvMTV4YlA2cHpERzFNVGc2ZFdDM09nc1pvdEkxRzVTZUl0RElweVIycmZDWXYyalZ6VE5NdDVLYnRzZkxQanVPVFcvaURjdzJnWTJzYms0TmZmUWRURVFTV3grRjFhV0h5eXJPYzE3elBSdkEyak5OTmJvUnRWQ01uMHIzTVJpSTRiQ3RQZXgrYVlMTHF1WlpzcHhYdTNQZDlYMFN4MXJSN2FBYlpRZ0hJcjhKeE5XY2E4cHJxZjIzbCtDcFBCd3BQV3lQV3ZFWHdhaHVZcEdpWlZaaGcxNnVIcEtsSzU1ZUt4enJRNVR3KzQvWnNhTHhETEtra2VaRGtuTmZlWVRId3BVYldQd3ZPTW1yWTNHWDV0RHE5Si9aMG5qdDNVWEtvVzdnMXc0akh4cXZWSHRaZGtqd3NiUlowbWsvQ0tidzlhZVVianpjbnFUWHl1S3BMRVQ1a2ZxbVYxbmc2WEkzYy8vMlE9PSI+Cgk8L2ltYWdlPgo8L3N2Zz4=\"}}', 14, '2020-12-17 07:56:01', '2020-12-17 07:56:06'),
(16, 'App\\Entity\\Post\\Post', 70, '5df51278-d6b2-42d4-a3d4-909e8d4a1c02', 'post-content', 'phpoftShk', 'izobrazenie-viber-2020-12-17-11-58-18.jpg', 'image/jpeg', 'image', 'image', 216521, '[]', '{\"generated_conversions\":{\"content\":true}}', '{\"content\":{\"urls\":[\"izobrazenie-viber-2020-12-17-11-58-18___content_1600_1067.jpg\",\"izobrazenie-viber-2020-12-17-11-58-18___content_1338_892.jpg\",\"izobrazenie-viber-2020-12-17-11-58-18___content_1120_746.jpg\",\"izobrazenie-viber-2020-12-17-11-58-18___content_937_624.jpg\",\"izobrazenie-viber-2020-12-17-11-58-18___content_784_522.jpg\",\"izobrazenie-viber-2020-12-17-11-58-18___content_655_436.jpg\",\"izobrazenie-viber-2020-12-17-11-58-18___content_548_365.jpg\",\"izobrazenie-viber-2020-12-17-11-58-18___content_459_306.jpg\",\"izobrazenie-viber-2020-12-17-11-58-18___content_384_256.jpg\"],\"base64svg\":\"data:image\\/svg+xml;base64,PCFET0NUWVBFIHN2ZyBQVUJMSUMgIi0vL1czQy8vRFREIFNWRyAxLjEvL0VOIiAiaHR0cDovL3d3dy53My5vcmcvR3JhcGhpY3MvU1ZHLzEuMS9EVEQvc3ZnMTEuZHRkIj4KPHN2ZyB2ZXJzaW9uPSIxLjEiIHhtbG5zPSJodHRwOi8vd3d3LnczLm9yZy8yMDAwL3N2ZyIgeG1sbnM6eGxpbms9Imh0dHA6Ly93d3cudzMub3JnLzE5OTkveGxpbmsiIHhtbDpzcGFjZT0icHJlc2VydmUiIHg9IjAiCiB5PSIwIiB2aWV3Qm94PSIwIDAgMTYwMCAxMDY3Ij4KCTxpbWFnZSB3aWR0aD0iMTYwMCIgaGVpZ2h0PSIxMDY3IiB4bGluazpocmVmPSJkYXRhOmltYWdlL2pwZWc7YmFzZTY0LC85ai80QUFRU2taSlJnQUJBUUVBWUFCZ0FBRC8vZ0E3UTFKRlFWUlBVam9nWjJRdGFuQmxaeUIyTVM0d0lDaDFjMmx1WnlCSlNrY2dTbEJGUnlCMk5qSXBMQ0J4ZFdGc2FYUjVJRDBnT1RBSy85c0FRd0FEQWdJREFnSURBd01EQkFNREJBVUlCUVVFQkFVS0J3Y0dDQXdLREF3TENnc0xEUTRTRUEwT0VRNExDeEFXRUJFVEZCVVZGUXdQRnhnV0ZCZ1NGQlVVLzlzQVF3RURCQVFGQkFVSkJRVUpGQTBMRFJRVUZCUVVGQlFVRkJRVUZCUVVGQlFVRkJRVUZCUVVGQlFVRkJRVUZCUVVGQlFVRkJRVUZCUVVGQlFVRkJRVUZCUVUvOEFBRVFnQUZRQWdBd0VSQUFJUkFRTVJBZi9FQUI4QUFBRUZBUUVCQVFFQkFBQUFBQUFBQUFBQkFnTUVCUVlIQ0FrS0MvL0VBTFVRQUFJQkF3TUNCQU1GQlFRRUFBQUJmUUVDQXdBRUVRVVNJVEZCQmhOUllRY2ljUlF5Z1pHaENDTkNzY0VWVXRId0pETmljb0lKQ2hZWEdCa2FKU1luS0NrcU5EVTJOemc1T2tORVJVWkhTRWxLVTFSVlZsZFlXVnBqWkdWbVoyaHBhbk4wZFhaM2VIbDZnNFNGaG9lSWlZcVNrNVNWbHBlWW1acWlvNlNscHFlb3FhcXlzN1MxdHJlNHVickN3OFRGeHNmSXljclMwOVRWMXRmWTJkcmg0dVBrNWVibjZPbnE4Zkx6OVBYMjkvajUrdi9FQUI4QkFBTUJBUUVCQVFFQkFRRUFBQUFBQUFBQkFnTUVCUVlIQ0FrS0MvL0VBTFVSQUFJQkFnUUVBd1FIQlFRRUFBRUNkd0FCQWdNUkJBVWhNUVlTUVZFSFlYRVRJaktCQ0JSQ2thR3h3UWtqTTFMd0ZXSnkwUW9XSkRUaEpmRVhHQmthSmljb0tTbzFOamM0T1RwRFJFVkdSMGhKU2xOVVZWWlhXRmxhWTJSbFptZG9hV3B6ZEhWMmQzaDVlb0tEaElXR2g0aUppcEtUbEpXV2w1aVptcUtqcEtXbXA2aXBxckt6dExXMnQ3aTV1c0xEeE1YR3g4akp5dExUMU5YVzE5aloydUxqNU9YbTUranA2dkx6OVBYMjkvajUrdi9hQUF3REFRQUNFUU1SQUQ4QSt0Tkc4UHdhTkI5bFp4dXIzNHlSeU9MUEMvMml0TmgwNHBJdmV2cE1yZXJaK1Q4Wnhjb3BJOG04QytJRGJhdkNZZWR4d1JXMmIwNDE2RGZZK2E0U3ExTUZqNHhmVTljMWErT25xZFF1amhOdlN2aU1IQjFYeXhQNkN4YjluYWN1cDJuam5XdFUwM3hHTGlNc1lBZVFLOHAxYWxLcGQ3SDBGT2xTclVyTGM4ditNM2lIL2hJckNObXlHQTZWOUpsMllQMmlnbHVmbjNFMlN4cVlkMUc5VWVVK0diQzVTOWlsaWdiQ3RuT0sreXhhakxEdEg0cGxhclF6Q01yYUpucXVyZUlMYS8wY3czSkh5RERBMStmWUs5R3EyeitsTVM0MXFFZlE5dFZGMVd6WnJoUTV4M3E0VTR6K0l6OXBLbjhMT0sxSHdicCtvM1I4NlBJQjZWMzBhVUtUNW9vNGNZM2lvOGxSNkZ6L0FJUmZUdExzOFEyNmpqcml1bXJWbkpXYlBPb1lERDBuZU1Ud240dlFEUXRNdVpyWWtNNTVyeHA2SnM5eE85a2YvOWs9Ij4KCTwvaW1hZ2U+Cjwvc3ZnPg==\"}}', 15, '2020-12-21 06:13:46', '2020-12-21 06:13:50'),
(17, 'App\\Entity\\Post\\Post', 211, 'e66e9ccc-adb8-4c0b-a61b-d6c7b5cf6c8f', 'page-header', '[6b35c3ee-48e4-4ed3-9ff1-6ac702d4115d]viber-2020-12-17-11-52-39', 'izobrazenie-viber-2020-12-17-11-52-39.jpg', 'image/jpeg', 'image', 'image', 205772, '[]', '{\"generated_conversions\":{\"page-header\":true}}', '{\"page-header\":{\"urls\":[\"izobrazenie-viber-2020-12-17-11-52-39___page-header_2000_500.jpg\",\"izobrazenie-viber-2020-12-17-11-52-39___page-header_1673_418.jpg\",\"izobrazenie-viber-2020-12-17-11-52-39___page-header_1400_350.jpg\",\"izobrazenie-viber-2020-12-17-11-52-39___page-header_1171_292.jpg\",\"izobrazenie-viber-2020-12-17-11-52-39___page-header_979_244.jpg\",\"izobrazenie-viber-2020-12-17-11-52-39___page-header_819_204.jpg\",\"izobrazenie-viber-2020-12-17-11-52-39___page-header_685_171.jpg\",\"izobrazenie-viber-2020-12-17-11-52-39___page-header_573_143.jpg\"],\"base64svg\":\"data:image\\/svg+xml;base64,PCFET0NUWVBFIHN2ZyBQVUJMSUMgIi0vL1czQy8vRFREIFNWRyAxLjEvL0VOIiAiaHR0cDovL3d3dy53My5vcmcvR3JhcGhpY3MvU1ZHLzEuMS9EVEQvc3ZnMTEuZHRkIj4KPHN2ZyB2ZXJzaW9uPSIxLjEiIHhtbG5zPSJodHRwOi8vd3d3LnczLm9yZy8yMDAwL3N2ZyIgeG1sbnM6eGxpbms9Imh0dHA6Ly93d3cudzMub3JnLzE5OTkveGxpbmsiIHhtbDpzcGFjZT0icHJlc2VydmUiIHg9IjAiCiB5PSIwIiB2aWV3Qm94PSIwIDAgMjAwMCA1MDAiPgoJPGltYWdlIHdpZHRoPSIyMDAwIiBoZWlnaHQ9IjUwMCIgeGxpbms6aHJlZj0iZGF0YTppbWFnZS9qcGVnO2Jhc2U2NCwvOWovNEFBUVNrWkpSZ0FCQVFFQVlBQmdBQUQvL2dBN1ExSkZRVlJQVWpvZ1oyUXRhbkJsWnlCMk1TNHdJQ2gxYzJsdVp5QkpTa2NnU2xCRlJ5QjJOaklwTENCeGRXRnNhWFI1SUQwZ09UQUsvOXNBUXdBREFnSURBZ0lEQXdNREJBTURCQVVJQlFVRUJBVUtCd2NHQ0F3S0RBd0xDZ3NMRFE0U0VBME9FUTRMQ3hBV0VCRVRGQlVWRlF3UEZ4Z1dGQmdTRkJVVS85c0FRd0VEQkFRRkJBVUpCUVVKRkEwTERSUVVGQlFVRkJRVUZCUVVGQlFVRkJRVUZCUVVGQlFVRkJRVUZCUVVGQlFVRkJRVUZCUVVGQlFVRkJRVUZCUVVGQlFVLzhBQUVRZ0FDQUFnQXdFUkFBSVJBUU1SQWYvRUFCOEFBQUVGQVFFQkFRRUJBQUFBQUFBQUFBQUJBZ01FQlFZSENBa0tDLy9FQUxVUUFBSUJBd01DQkFNRkJRUUVBQUFCZlFFQ0F3QUVFUVVTSVRGQkJoTlJZUWNpY1JReWdaR2hDQ05Dc2NFVlV0SHdKRE5pY29JSkNoWVhHQmthSlNZbktDa3FORFUyTnpnNU9rTkVSVVpIU0VsS1UxUlZWbGRZV1ZwalpHVm1aMmhwYW5OMGRYWjNlSGw2ZzRTRmhvZUlpWXFTazVTVmxwZVltWnFpbzZTbHBxZW9xYXF5czdTMXRyZTR1YnJDdzhURnhzZkl5Y3JTMDlUVjF0ZlkyZHJoNHVQazVlYm42T25xOGZMejlQWDI5L2o1K3YvRUFCOEJBQU1CQVFFQkFRRUJBUUVBQUFBQUFBQUJBZ01FQlFZSENBa0tDLy9FQUxVUkFBSUJBZ1FFQXdRSEJRUUVBQUVDZHdBQkFnTVJCQVVoTVFZU1FWRUhZWEVUSWpLQkNCUkNrYUd4d1Frak0xTHdGV0p5MFFvV0pEVGhKZkVYR0JrYUppY29LU28xTmpjNE9UcERSRVZHUjBoSlNsTlVWVlpYV0ZsYVkyUmxabWRvYVdwemRIVjJkM2g1ZW9LRGhJV0doNGlKaXBLVGxKV1dsNWlabXFLanBLV21wNmlwcXJLenRMVzJ0N2k1dXNMRHhNWEd4OGpKeXRMVDFOWFcxOWpaMnVMajVPWG01K2pwNnZMejlQWDI5L2o1K3YvYUFBd0RBUUFDRVFNUkFEOEE5VitKbmg4YUpxTXVwWjRSRFR5K1RqSkk5TE42VWFsSnMrUDlmdTdqeFg0cWtLeC91eEp5MWZvZEp5eEhMRnJRL0FjVkNPWGUwcUo2bmVXT25SYWZhb21NREhOZlN5aDdLbGFKK1ZRci9XOFh6VlhwYzdmd3ZwRmg0bjA5ck9SUGtQV3Z5TE5hTTFpT2FYVS9yUGhmRVVKWUZVNlhRLy9aIj4KCTwvaW1hZ2U+Cjwvc3ZnPg==\"}}', 16, '2020-12-21 06:52:15', '2020-12-21 06:52:19');

-- --------------------------------------------------------

--
-- Структура таблицы `menu`
--

CREATE TABLE IF NOT EXISTS `menu` (
  `id` bigint(20) UNSIGNED NOT NULL AUTO_INCREMENT,
  `order` int(10) UNSIGNED NOT NULL DEFAULT '10',
  `url` varchar(191) COLLATE utf8mb4_unicode_ci DEFAULT NULL,
  `slug` varchar(191) COLLATE utf8mb4_unicode_ci DEFAULT NULL,
  `_lft` int(10) UNSIGNED NOT NULL DEFAULT '0',
  `_rgt` int(10) UNSIGNED NOT NULL DEFAULT '0',
  `parent_id` int(10) UNSIGNED DEFAULT NULL,
  PRIMARY KEY (`id`),
  KEY `menu__lft__rgt_parent_id_index` (`_lft`,`_rgt`,`parent_id`)
) ENGINE=InnoDB AUTO_INCREMENT=39 DEFAULT CHARSET=utf8mb4 COLLATE=utf8mb4_unicode_ci;

--
-- Дамп данных таблицы `menu`
--

INSERT INTO `menu` (`id`, `order`, `url`, `slug`, `_lft`, `_rgt`, `parent_id`) VALUES
(30, 0, NULL, 'main', 1, 16, NULL),
(31, 0, '/', 'main', 2, 3, 30),
(32, 1, '/about', 'main', 4, 5, 30),
(33, 2, '/services', 'main', 6, 7, 30),
(34, 3, '/articles', 'main', 8, 9, 30),
(35, 4, '/news', 'main', 10, 11, 30),
(36, 5, '/faq', 'main', 12, 13, 30),
(37, 6, '/contacts', 'main', 14, 15, 30),
(38, 1, NULL, 'footer', 17, 18, NULL);

-- --------------------------------------------------------

--
-- Структура таблицы `menu_translations`
--

CREATE TABLE IF NOT EXISTS `menu_translations` (
  `id` bigint(20) UNSIGNED NOT NULL AUTO_INCREMENT,
  `menu_id` bigint(20) UNSIGNED NOT NULL,
  `lang` varchar(4) COLLATE utf8mb4_unicode_ci NOT NULL,
  `title` varchar(191) COLLATE utf8mb4_unicode_ci DEFAULT NULL,
  PRIMARY KEY (`id`),
  UNIQUE KEY `menu_translations_menu_id_lang_unique` (`menu_id`,`lang`),
  KEY `menu_translations_menu_id_index` (`menu_id`),
  KEY `menu_translations_lang_index` (`lang`)
) ENGINE=InnoDB AUTO_INCREMENT=77 DEFAULT CHARSET=utf8mb4 COLLATE=utf8mb4_unicode_ci;

--
-- Дамп данных таблицы `menu_translations`
--

INSERT INTO `menu_translations` (`id`, `menu_id`, `lang`, `title`) VALUES
(59, 30, 'uk', 'Главное меню'),
(60, 30, 'ru', 'Главное меню'),
(61, 31, 'uk', 'Главная'),
(62, 31, 'ru', 'Главная'),
(63, 32, 'uk', 'Обо мне'),
(64, 32, 'ru', 'Обо мне'),
(65, 33, 'uk', 'Услуги'),
(66, 33, 'ru', 'Услуги'),
(67, 34, 'uk', 'Статьи'),
(68, 34, 'ru', 'Статьи'),
(69, 35, 'uk', 'Истории болезней'),
(70, 35, 'ru', 'Истории болезней'),
(71, 36, 'uk', 'Частые вопросы'),
(72, 36, 'ru', 'Частые вопросы'),
(73, 37, 'uk', 'Контакты'),
(74, 37, 'ru', 'Контакты'),
(75, 38, 'uk', 'Меню в подвале'),
(76, 38, 'ru', 'Меню в подвале');

-- --------------------------------------------------------

--
-- Структура таблицы `metadata`
--

CREATE TABLE IF NOT EXISTS `metadata` (
  `id` bigint(20) UNSIGNED NOT NULL AUTO_INCREMENT,
  `post_id` bigint(20) UNSIGNED NOT NULL,
  `_title` varchar(191) COLLATE utf8mb4_unicode_ci NOT NULL,
  `_name` varchar(191) COLLATE utf8mb4_unicode_ci NOT NULL,
  `_value` longtext COLLATE utf8mb4_unicode_ci,
  `order` int(10) UNSIGNED NOT NULL DEFAULT '10',
  PRIMARY KEY (`id`),
  KEY `metadata_post_id_index` (`post_id`),
  KEY `metadata__name_index` (`_name`)
) ENGINE=InnoDB AUTO_INCREMENT=548 DEFAULT CHARSET=utf8mb4 COLLATE=utf8mb4_unicode_ci;

--
-- Дамп данных таблицы `metadata`
--

INSERT INTO `metadata` (`id`, `post_id`, `_title`, `_name`, `_value`, `order`) VALUES
(543, 70, 'Главный баннер', 'RepeaterMainBanner', '{\"repeat\":[{\"id\":\"tn2km-1607854541097\",\"image\":{\"src\":\"\\/image\\/11\\/conversions\\/nevrolog-rudych-2-content.jpg\",\"delete\":true},\"title\":{\"uk\":\"\\u0421\\u043e\\u0445\\u0440\\u0430\\u043d\\u0438\\u0442\\u044c \\u0438 \\u043f\\u0440\\u0438\\u0443\\u043c\\u043d\\u043e\\u0436\\u0438\\u0442\\u044c \\u0412\\u0430\\u0448\\u0435 \\u0437\\u0434\\u043e\\u0440\\u043e\\u0432\\u044c\\u0435\",\"ru\":\"\\u0421\\u043e\\u0445\\u0440\\u0430\\u043d\\u0438\\u0442\\u044c \\u0438 \\u043f\\u0440\\u0438\\u0443\\u043c\\u043d\\u043e\\u0436\\u0438\\u0442\\u044c \\u0412\\u0430\\u0448\\u0435 \\u0437\\u0434\\u043e\\u0440\\u043e\\u0432\\u044c\\u0435\"},\"text\":{\"uk\":\"\\u041d\\u0435\\u0432\\u0440\\u043e\\u043b\\u043e\\u0433-\\u0440\\u0435\\u0444\\u043b\\u0435\\u043a\\u0441\\u043e\\u0442\\u0435\\u0440\\u0430\\u043f\\u0435\\u0432\\u0442\",\"ru\":\"\\u041d\\u0435\\u0432\\u0440\\u043e\\u043b\\u043e\\u0433-\\u0440\\u0435\\u0444\\u043b\\u0435\\u043a\\u0441\\u043e\\u0442\\u0435\\u0440\\u0430\\u043f\\u0435\\u0432\\u0442\"},\"link\":\"\\/about\",\"action_name\":{\"uk\":\"\\u041e\\u0431\\u043e \\u043c\\u043d\\u0435\",\"ru\":\"\\u041e\\u0431\\u043e \\u043c\\u043d\\u0435\"}}]}', 0),
(544, 70, 'Инфо-блок', 'RepeaterInfoBox', '{\"repeat\":[{\"id\":\"uhv2i-1607874994401\",\"title\":{\"uk\":\"\\u041a\\u0432\\u0430\\u043b\\u0438\\u0444\\u0438\\u043a\\u0430\\u0446\\u0438\\u044f\",\"ru\":\"\\u041a\\u0432\\u0430\\u043b\\u0438\\u0444\\u0438\\u043a\\u0430\\u0446\\u0438\\u044f\"},\"text\":{\"uk\":\"\\u0414\\u0438\\u043f\\u043b\\u043e\\u043c\\u0438\\u0440\\u043e\\u0432\\u0430\\u043d\\u043d\\u044b\\u0439 \\u0441\\u043f\\u0435\\u0446\\u0438\\u0430\\u043b\\u0438\\u0441\\u0442, \\u0438\\u043c\\u0435\\u044e \\u0441\\u043f\\u0435\\u0446\\u0438\\u0430\\u043b\\u0438\\u0437\\u0430\\u0446\\u0438\\u044e \\u043d\\u0435\\u0432\\u0440\\u043e\\u043b\\u043e\\u0433\\u0438\\u044f \\u0438 \\u0440\\u0435\\u0444\\u043b\\u0435\\u043a\\u0441\\u043e\\u0442\\u0435\\u0440\\u0430\\u043f\\u0438\\u044f. \\u041e\\u043f\\u044b\\u0442 \\u0440\\u0430\\u0431\\u043e\\u0442\\u044b \\u0441\\u0432\\u044b\\u0448\\u0435 10 \\u043b\\u0435\\u0442\",\"ru\":\"\\u0414\\u0438\\u043f\\u043b\\u043e\\u043c\\u0438\\u0440\\u043e\\u0432\\u0430\\u043d\\u043d\\u044b\\u0439 \\u0441\\u043f\\u0435\\u0446\\u0438\\u0430\\u043b\\u0438\\u0441\\u0442, \\u0438\\u043c\\u0435\\u044e \\u0441\\u043f\\u0435\\u0446\\u0438\\u0430\\u043b\\u0438\\u0437\\u0430\\u0446\\u0438\\u044e \\u043d\\u0435\\u0432\\u0440\\u043e\\u043b\\u043e\\u0433\\u0438\\u044f \\u0438 \\u0440\\u0435\\u0444\\u043b\\u0435\\u043a\\u0441\\u043e\\u0442\\u0435\\u0440\\u0430\\u043f\\u0438\\u044f. \\u0418\\u043c\\u0435\\u044e \\u043e\\u043f\\u044b\\u0442 \\u0440\\u0430\\u0431\\u043e\\u0442\\u044b \\u0441\\u0432\\u044b\\u0448\\u0435 10 \\u043b\\u0435\\u0442\"},\"icone\":\"linearicons-trophy2\"},{\"id\":\"e0cjn-1607875120755\",\"icone\":\"linearicons-lifebuoy\",\"text\":{\"uk\":\"\\u041a\\u043e\\u043c\\u0431\\u0438\\u043d\\u0438\\u0440\\u043e\\u0432\\u0430\\u043d\\u043d\\u044b\\u0439 \\u0438 \\u0438\\u043d\\u0434\\u0438\\u0432\\u0438\\u0434\\u0443\\u0430\\u043b\\u044c\\u043d\\u044b\\u0439 \\u043f\\u043e\\u0434\\u0445\\u043e\\u0434 \\u043a \\u043b\\u0435\\u0447\\u0435\\u043d\\u0438\\u044e, \\u043d\\u0430\\u0437\\u043d\\u0430\\u0447\\u0435\\u043d\\u0438\\u0435 \\u0438 \\u0440\\u0435\\u0448\\u0435\\u043d\\u0438\\u0435 \\u0432\\u0430\\u0448\\u0435\\u0439 \\u043f\\u0440\\u043e\\u0431\\u043b\\u0435\\u043c\\u044b\",\"ru\":\"\\u041a\\u043e\\u043c\\u0431\\u0438\\u043d\\u0438\\u0440\\u043e\\u0432\\u0430\\u043d\\u043d\\u044b\\u0439 \\u0438 \\u0438\\u043d\\u0434\\u0438\\u0432\\u0438\\u0434\\u0443\\u0430\\u043b\\u044c\\u043d\\u044b\\u0439 \\u043f\\u043e\\u0434\\u0445\\u043e\\u0434 \\u043a \\u043b\\u0435\\u0447\\u0435\\u043d\\u0438\\u044e, \\u043d\\u0430\\u0437\\u043d\\u0430\\u0447\\u0435\\u043d\\u0438\\u044e \\u0438 \\u0440\\u0435\\u0448\\u0435\\u043d\\u0438\\u044e \\u0432\\u0430\\u0448\\u0435\\u0439 \\u043f\\u0440\\u043e\\u0431\\u043b\\u0435\\u043c\\u044b\"},\"title\":{\"uk\":\"\\u0418\\u043d\\u0434\\u0438\\u0432\\u0438\\u0434\\u0443\\u0430\\u043b\\u044c\\u043d\\u044b\\u0439 \\u043f\\u043e\\u0434\\u0445\\u043e\\u0434\",\"ru\":\"\\u0418\\u043d\\u0434\\u0438\\u0432\\u0438\\u0434\\u0443\\u0430\\u043b\\u044c\\u043d\\u044b\\u0439 \\u043f\\u043e\\u0434\\u0445\\u043e\\u0434\"}},{\"id\":\"440lw-1607875152883\",\"icone\":\"linearicons-heart-pulse\",\"title\":{\"uk\":\"100% \\u043a\\u043e\\u043d\\u0446\\u0435\\u043d\\u0442\\u0440\\u0430\\u0446\\u0438\\u0438\",\"ru\":\"100% \\u043a\\u043e\\u043d\\u0446\\u0435\\u043d\\u0442\\u0440\\u0430\\u0446\\u0438\\u0438\"},\"text\":{\"uk\":\"\\u041c\\u043e\\u044f \\u0444\\u0438\\u043b\\u043e\\u0441\\u043e\\u0444\\u0438\\u044f \\u0440\\u0430\\u0431\\u043e\\u0442\\u044b \\u2014 no nocere (\\u043d\\u0435 \\u043d\\u0430\\u0432\\u0440\\u0435\\u0434\\u0438). \\u0421\\u0430\\u043c\\u043e\\u0435 \\u0432\\u0430\\u0436\\u043d\\u043e\\u0435 \\u2014 \\u0441\\u043e\\u0445\\u0440\\u0430\\u043d\\u0438\\u0442\\u044c \\u0438 \\u043f\\u0440\\u0438\\u0443\\u043c\\u043d\\u043e\\u0436\\u0438\\u0442\\u044c \\u043d\\u0430\\u0448\\u0435 \\u0437\\u0434\\u043e\\u0440\\u043e\\u0432\\u044c\\u0435\",\"ru\":\"\\u041c\\u043e\\u044f \\u0444\\u0438\\u043b\\u043e\\u0441\\u043e\\u0444\\u0438\\u044f \\u0440\\u0430\\u0431\\u043e\\u0442\\u044b \\u2014 no nocere (\\u043d\\u0435 \\u043d\\u0430\\u0432\\u0440\\u0435\\u0434\\u0438). \\u0421\\u0430\\u043c\\u043e\\u0435 \\u0432\\u0430\\u0436\\u043d\\u043e\\u0435 \\u2014 \\u0441\\u043e\\u0445\\u0440\\u0430\\u043d\\u0438\\u0442\\u044c \\u0438 \\u043f\\u0440\\u0438\\u0443\\u043c\\u043d\\u043e\\u0436\\u0438\\u0442\\u044c \\u043d\\u0430\\u0448\\u0435 \\u0437\\u0434\\u043e\\u0440\\u043e\\u0432\\u044c\\u0435\"}}],\"content-align-center\":false,\"link\":false,\"box-color\":\"#984c8a\",\"show-section-title\":false,\"section-title\":{\"uk\":\"Who I Work With\"},\"show-link-section-title\":false,\"show-icone\":true,\"show-title\":true,\"show-text\":true}', 1),
(545, 70, 'Несколько слов обо мне', 'ImageAndTextTwoRows', '{\"big-image\":true,\"reverse\":true,\"text\":{\"uk\":\"<h3 style=\\\"margin-left:0px;\\\">\\u041d\\u0435\\u0441\\u043a\\u043e\\u043b\\u044c\\u043a\\u043e \\u0441\\u043b\\u043e\\u0432 \\u043e\\u0431\\u043e \\u043c\\u043d\\u0435<\\/h3><p>\\u041c\\u0435\\u043d\\u044f \\u0437\\u043e\\u0432\\u0443\\u0442 \\u0415\\u043a\\u0430\\u0442\\u0435\\u0440\\u0438\\u043d\\u0430 \\u0420\\u0443\\u0434\\u0438\\u0447, \\u044f \\u043d\\u0435\\u0432\\u0440\\u043e\\u043b\\u043e\\u0433-\\u0440\\u0435\\u0444\\u043b\\u0435\\u043a\\u0441\\u043e\\u0442\\u0435\\u0440\\u0430\\u043f\\u0435\\u0432\\u0442, \\u044d\\u043d\\u0435\\u0440\\u0433\\u043e\\u0442\\u0435\\u0440\\u0430\\u043f\\u0435\\u0432\\u0442 \\u0442\\u0435\\u0445\\u043d\\u0438\\u043a\\u0438 \\u043c\\u0430\\u0441\\u0441\\u0430\\u0436\\u0430 Access Bars. \\u0418\\u0441\\u043f\\u043e\\u043b\\u044c\\u0437\\u0443\\u044e \\u0432 \\u0441\\u0432\\u043e\\u0435\\u0439 \\u043f\\u0440\\u0430\\u043a\\u0442\\u0438\\u043a\\u0435 \\u0442\\u0440\\u0430\\u0434\\u0438\\u0446\\u0438\\u043e\\u043d\\u043d\\u044b\\u0435 \\u0438 \\u043d\\u0435\\u0442\\u0440\\u0430\\u0434\\u0438\\u0446\\u0438\\u043e\\u043d\\u043d\\u044b\\u0435 \\u043c\\u0435\\u0442\\u043e\\u0434\\u044b \\u043f\\u0440\\u043e\\u0444\\u0438\\u043b\\u0430\\u043a\\u0442\\u0438\\u043a\\u0438 \\u0438 \\u043b\\u0435\\u0447\\u0435\\u043d\\u0438\\u044f.<\\/p><p>\\u041e\\u0441\\u043d\\u043e\\u0432\\u043d\\u043e\\u0435 \\u043e\\u0431\\u0440\\u0430\\u0437\\u043e\\u0432\\u0430\\u043d\\u0438\\u0435-\\u0432\\u044b\\u0441\\u0448\\u0435\\u0435, \\u0444\\u0430\\u043a\\u0443\\u043b\\u044c\\u0442\\u0435\\u0442 \\u041b\\u0435\\u0447\\u0435\\u0431\\u043d\\u043e\\u0435 \\u0434\\u0435\\u043b\\u043e \\u0422\\u0413\\u041c\\u0410 \\u0438\\u043c. \\u0413\\u043e\\u0440\\u0431\\u0430\\u0447\\u0435\\u0432\\u0441\\u043a\\u043e\\u0433\\u043e (2004\\u0433) \\u0418\\u043c\\u0435\\u044e \\u043e\\u043f\\u044b\\u0442 \\u0440\\u0430\\u0431\\u043e\\u0442\\u044b \\u0432 \\u0441\\u0442\\u0430\\u0446\\u0438\\u043e\\u043d\\u0430\\u0440\\u0435, \\u0432 \\u043e\\u0442\\u0434\\u0435\\u043b\\u0435\\u043d\\u0438\\u0435 \\u041f\\u0418\\u0422, \\u0441 \\u043f\\u0430\\u0446\\u0438\\u0435\\u043d\\u0442\\u0430\\u043c\\u0438 \\u0441 \\u043f\\u0430\\u0442\\u043e\\u043b\\u043e\\u0433\\u0438\\u0435\\u0439 \\u043d\\u0435\\u0440\\u0432\\u043d\\u043e\\u0439 \\u0438 \\u0441\\u0435\\u0440\\u0434\\u0435\\u0447\\u043d\\u043e-\\u0441\\u043e\\u0441\\u0443\\u0434\\u0438\\u0441\\u0442\\u043e\\u0439 \\u0441\\u0438\\u0441\\u0442\\u0435\\u043c\\u044b. \\u041e\\u043f\\u044b\\u0442 \\u0440\\u0430\\u0431\\u043e\\u0442\\u044b \\u0441\\u0432\\u044b\\u0448\\u0435 10 \\u043b\\u0435\\u0442<\\/p>\",\"ru\":\"<h3 style=\\\"margin-left:0px;\\\">\\u041d\\u0435\\u0441\\u043a\\u043e\\u043b\\u044c\\u043a\\u043e \\u0441\\u043b\\u043e\\u0432 \\u043e\\u0431\\u043e \\u043c\\u043d\\u0435<\\/h3><p>\\u041c\\u0435\\u043d\\u044f \\u0437\\u043e\\u0432\\u0443\\u0442 \\u0415\\u043a\\u0430\\u0442\\u0435\\u0440\\u0438\\u043d\\u0430 \\u0420\\u0443\\u0434\\u0438\\u0447, \\u044f \\u043d\\u0435\\u0432\\u0440\\u043e\\u043f\\u0430\\u0442\\u043e\\u043b\\u043e\\u0433-\\u0440\\u0435\\u0444\\u043b\\u0435\\u043a\\u0441\\u043e\\u0442\\u0435\\u0440\\u0430\\u043f\\u0435\\u0432\\u0442, \\u044d\\u043d\\u0435\\u0440\\u0433\\u043e\\u0442\\u0435\\u0440\\u0430\\u043f\\u0435\\u0432\\u0442 \\u0442\\u0435\\u0445\\u043d\\u0438\\u043a\\u0438 \\u043c\\u0430\\u0441\\u0441\\u0430\\u0436\\u0430 Access Bars. \\u0418\\u0441\\u043f\\u043e\\u043b\\u044c\\u0437\\u0443\\u044e \\u0432 \\u0441\\u0432\\u043e\\u0435\\u0439 \\u043f\\u0440\\u0430\\u043a\\u0442\\u0438\\u043a\\u0435 \\u0442\\u0440\\u0430\\u0434\\u0438\\u0446\\u0438\\u043e\\u043d\\u043d\\u044b\\u0435 \\u0438 \\u043d\\u0435\\u0442\\u0440\\u0430\\u0434\\u0438\\u0446\\u0438\\u043e\\u043d\\u043d\\u044b\\u0435 \\u043c\\u0435\\u0442\\u043e\\u0434\\u044b \\u043f\\u0440\\u043e\\u0444\\u0438\\u043b\\u0430\\u043a\\u0442\\u0438\\u043a\\u0438 \\u0438 \\u043b\\u0435\\u0447\\u0435\\u043d\\u0438\\u044f.<\\/p><p>\\u041e\\u0441\\u043d\\u043e\\u0432\\u043d\\u043e\\u0435 \\u043e\\u0431\\u0440\\u0430\\u0437\\u043e\\u0432\\u0430\\u043d\\u0438\\u0435-\\u0432\\u044b\\u0441\\u0448\\u0435\\u0435, \\u0444\\u0430\\u043a\\u0443\\u043b\\u044c\\u0442\\u0435\\u0442 \\u041b\\u0435\\u0447\\u0435\\u0431\\u043d\\u043e\\u0435 \\u0434\\u0435\\u043b\\u043e \\u0422\\u0413\\u041c\\u0410 \\u0438\\u043c. \\u0413\\u043e\\u0440\\u0431\\u0430\\u0447\\u0435\\u0432\\u0441\\u043a\\u043e\\u0433\\u043e (2004\\u0433) \\u0418\\u043c\\u0435\\u044e \\u043e\\u043f\\u044b\\u0442 \\u0440\\u0430\\u0431\\u043e\\u0442\\u044b \\u0432 \\u0441\\u0442\\u0430\\u0446\\u0438\\u043e\\u043d\\u0430\\u0440\\u0435, \\u0432 \\u043e\\u0442\\u0434\\u0435\\u043b\\u0435\\u043d\\u0438\\u0435 \\u041f\\u0418\\u0422, \\u0441 \\u043f\\u0430\\u0446\\u0438\\u0435\\u043d\\u0442\\u0430\\u043c\\u0438 \\u0441 \\u043f\\u0430\\u0442\\u043e\\u043b\\u043e\\u0433\\u0438\\u0435\\u0439 \\u043d\\u0435\\u0440\\u0432\\u043d\\u043e\\u0439 \\u0438 \\u0441\\u0435\\u0440\\u0434\\u0435\\u0447\\u043d\\u043e-\\u0441\\u043e\\u0441\\u0443\\u0434\\u0438\\u0441\\u0442\\u043e\\u0439 \\u0441\\u0438\\u0441\\u0442\\u0435\\u043c\\u044b. \\u041e\\u043f\\u044b\\u0442 \\u0440\\u0430\\u0431\\u043e\\u0442\\u044b \\u0441\\u0432\\u044b\\u0448\\u0435 10 \\u043b\\u0435\\u0442<\\/p>\"},\"image\":{\"src\":\"\\/image\\/13\\/conversions\\/nevrolog-rudych-content.jpg\",\"delete\":true},\"box-color\":\"#503a87\"}', 2),
(546, 70, 'Инфо-блок', 'RepeaterInfoBox', '{\"repeat\":[{\"id\":\"der3v-1607886773304\",\"text\":{\"uk\":\"\\u041a\\u043e\\u043d\\u0441\\u0443\\u043b\\u044c\\u0442\\u0430\\u0446\\u0438\\u044f \\u043d\\u0435\\u0432\\u0440\\u043e\\u043b\\u043e\\u0433\\u0430 \\u0438 \\u0440\\u0435\\u0444\\u043b\\u0435\\u043a\\u0441\\u043e\\u0442\\u0435\\u0440\\u0430\\u043f\\u0435\\u0432\\u0442\\u0430\"},\"title\":{\"uk\":\"\\u041a\\u043e\\u043d\\u0441\\u0443\\u043b\\u044c\\u0442\\u0430\\u0446\\u0438\\u044f \\u043d\\u0435\\u0432\\u0440\\u043e\\u043b\\u043e\\u0433\\u0430\",\"ru\":\"\\u041a\\u043e\\u043d\\u0441\\u0443\\u043b\\u044c\\u0442\\u0430\\u0446\\u0438\\u044f \\u043d\\u0435\\u0432\\u0440\\u043e\\u043b\\u043e\\u0433\\u0430\"},\"icone\":\"linearicons-pen\"},{\"id\":\"1y2g9-1607886830184\",\"title\":{\"uk\":\"\\u041f\\u0440\\u043e\\u0432\\u0435\\u0434\\u0435\\u043d\\u0438\\u0435 \\u043f\\u0430\\u0440\\u0430\\u0432\\u0435\\u0440\\u0442\\u0435\\u0431\\u0440\\u0430\\u043b\\u044c\\u043d\\u043e\\u0439 \\u0431\\u043b\\u043e\\u043a\\u0430\\u0434\\u044b\",\"ru\":\"\\u041f\\u0440\\u043e\\u0432\\u0435\\u0434\\u0435\\u043d\\u0438\\u0435 \\u043f\\u0430\\u0440\\u0430\\u0432\\u0435\\u0440\\u0442\\u0435\\u0431\\u0440\\u0430\\u043b\\u044c\\u043d\\u043e\\u0439 \\u0431\\u043b\\u043e\\u043a\\u0430\\u0434\\u044b\"},\"text\":{\"uk\":\"\\u041f\\u0440\\u043e\\u0432\\u0435\\u0434\\u0435\\u043d\\u0438\\u0435 \\u043f\\u0430\\u0440\\u0430\\u0432\\u0435\\u0440\\u0442\\u0435\\u0431\\u0440\\u0430\\u043b\\u044c\\u043d\\u043e\\u0439 \\u0431\\u043b\\u043e\\u043a\\u0430\\u0434\\u044b\",\"ru\":\"\\u041f\\u0440\\u043e\\u0432\\u0435\\u0434\\u0435\\u043d\\u0438\\u0435 \\u043f\\u0430\\u0440\\u0430\\u0432\\u0435\\u0440\\u0442\\u0435\\u0431\\u0440\\u0430\\u043b\\u044c\\u043d\\u043e\\u0439 \\u0431\\u043b\\u043e\\u043a\\u0430\\u0434\\u044b\"},\"icone\":\"linearicons-chart-settings\"},{\"id\":\"yqm4j-1607938463095\",\"text\":{\"uk\":\"\\u0421\\u0435\\u0430\\u043d\\u0441 \\u0438\\u0433\\u043b\\u043e\\u0440\\u0435\\u0444\\u043b\\u0435\\u043a\\u0441\\u043e\\u0442\\u0435\\u0440\\u0430\\u043f\\u0438\\u0438\"},\"title\":{\"uk\":\"\\u0421\\u0435\\u0430\\u043d\\u0441 \\u0438\\u0433\\u043b\\u043e\\u0440\\u0435\\u0444\\u043b\\u0435\\u043a\\u0441\\u043e\\u0442\\u0435\\u0440\\u0430\\u043f\\u0438\\u0438\",\"ru\":\"\\u0421\\u0435\\u0430\\u043d\\u0441 \\u0438\\u0433\\u043b\\u043e\\u0440\\u0435\\u0444\\u043b\\u0435\\u043a\\u0441\\u043e\\u0442\\u0435\\u0440\\u0430\\u043f\\u0438\\u0438\"},\"icone\":\"linearicons-pushpin\"},{\"id\":\"rvl1o-1607938816778\",\"title\":{\"uk\":\"\\u0421\\u0435\\u0430\\u043d\\u0441\\u044b Access Bars (\\u044d\\u043d\\u0435\\u0440\\u0433\\u043e\\u0441\\u0435\\u0430\\u043d\\u0441\\u044b)\",\"ru\":\"\\u0421\\u0435\\u0430\\u043d\\u0441\\u044b Access Bars (\\u044d\\u043d\\u0435\\u0440\\u0433\\u043e\\u0441\\u0435\\u0430\\u043d\\u0441\\u044b)\"},\"icone\":\"linearicons-brain\",\"text\":{\"uk\":\"\\u0421\\u0435\\u0430\\u043d\\u0441\\u044b Access Bars (\\u044d\\u043d\\u0435\\u0440\\u0433\\u043e\\u0441\\u0435\\u0430\\u043d\\u0441\\u044b)\"}}],\"icone\":false,\"link\":false,\"show-section-title\":true,\"section-title\":{\"uk\":\"\\u0423\\u0441\\u043b\\u0443\\u0433\\u0438\",\"ru\":\"\\u0423\\u0441\\u043b\\u0443\\u0433\\u0438\"},\"text\":false,\"show-icone\":true,\"show-title\":false,\"show-text\":true,\"show-link\":false,\"box-color\":\"#984c8a\",\"content-align-center\":true}', 3),
(547, 70, 'Картинка с текстом', 'ImageAndTextTwoRows', '{\"text\":{\"uk\":\"<p><strong>\\u041f\\u0440\\u0430\\u043a\\u0442\\u0438\\u043a\\u0430 \\u043d\\u0435\\u0432\\u0440\\u043e\\u043b\\u043e\\u0433\\u0430<\\/strong> \\u0437\\u0430\\u0442\\u0440\\u0430\\u0433\\u0438\\u0432\\u0430\\u0435\\u0442 \\u043e\\u0447\\u0435\\u043d\\u044c \\u043c\\u043d\\u043e\\u0433\\u043e \\u0440\\u0430\\u0437\\u043d\\u043e\\u0433\\u043e \\u043f\\u043b\\u0430\\u043d\\u0430 \\u043f\\u0440\\u043e\\u0431\\u043b\\u0435\\u043c, \\u0442\\u0430\\u043a\\u0438\\u0435 \\u043a\\u0430\\u043a:<\\/p><ul><li>\\u0413\\u043e\\u043b\\u043e\\u0432\\u043d\\u044b\\u0435 \\u0431\\u043e\\u043b\\u0438 \\u0440\\u0430\\u0437\\u043b\\u0438\\u0447\\u043d\\u043e\\u0433\\u043e \\u0433\\u0435\\u043d\\u0435\\u0437\\u0430<\\/li><li>\\u0413\\u043e\\u043b\\u043e\\u0432\\u043e\\u043a\\u0440\\u0443\\u0436\\u0435\\u043d\\u0438\\u0435 \\u0441\\u0438\\u0441\\u0442\\u0435\\u043c\\u043d\\u043e\\u0433\\u043e \\u0438 \\u043d\\u0435\\u0441\\u0438\\u0441\\u0442\\u0435\\u043c\\u043d\\u043e\\u0433\\u043e \\u0445\\u0430\\u0440\\u0430\\u043a\\u0442\\u0435\\u0440\\u0430<\\/li><li>\\u0411\\u043e\\u043b\\u0438 \\u0432 \\u043f\\u043e\\u0437\\u0432\\u043e\\u043d\\u043e\\u0447\\u043d\\u0438\\u043a\\u0435, \\u043e\\u043d\\u0435\\u043c\\u0435\\u043d\\u0438\\u0435 \\u043d\\u0438\\u0436\\u043d\\u0438\\u0445 \\u043a\\u043e\\u043d\\u0435\\u0447\\u043d\\u043e\\u0441\\u0442\\u0435\\u0439, \\u0441\\u0443\\u0434\\u043e\\u0440\\u043e\\u0433\\u0438 \\u0440\\u0430\\u0437\\u043b\\u0438\\u0447\\u043d\\u043e\\u0433\\u043e \\u0433\\u0435\\u043d\\u0435\\u0437\\u0430<\\/li><li>\\u0422\\u0440\\u0435\\u043c\\u043e\\u0440 \\u043a\\u043e\\u043d\\u0435\\u0447\\u043d\\u043e\\u0441\\u0442\\u0435\\u0439 (\\u0434\\u0440\\u043e\\u0436\\u0430\\u043d\\u0438\\u0435) \\u043f\\u0430\\u043b\\u044c\\u0446\\u0435\\u0432 \\u0440\\u0443\\u043a \\u0438 \\u043d\\u043e\\u0433, \\u043d\\u0430\\u0440\\u0443\\u0448\\u0435\\u043d\\u0438\\u0435 \\u043f\\u043e\\u0445\\u043e\\u0434\\u043a\\u0438 \\u0438 \\u0441\\u0442\\u0430\\u0442\\u0438\\u043a\\u0438<\\/li><li>\\u041d\\u0435\\u0432\\u0440\\u043e\\u0442\\u0438\\u0447\\u0435\\u0441\\u043a\\u0438\\u0435 \\u0441\\u043e\\u0441\\u0442\\u043e\\u044f\\u043d\\u0438\\u044f, \\u043f\\u0430\\u043d\\u0438\\u0447\\u0435\\u0441\\u043a\\u0438\\u0435 \\u0430\\u0442\\u0430\\u043a\\u0438, \\u0444\\u043e\\u0431\\u0438\\u0438, \\u0441\\u0442\\u0440\\u0430\\u0445\\u0438, \\u043d\\u0435\\u0443\\u0432\\u0435\\u0440\\u0435\\u043d\\u043d\\u043e\\u0441\\u0442\\u044c \\u0432 \\u0441\\u0435\\u0431\\u0435 \\u0438 \\u0441\\u0432\\u043e\\u0438\\u0445 \\u0434\\u0435\\u0439\\u0441\\u0442\\u0432\\u0438\\u044f\\u0445, \\u0447\\u0440\\u0435\\u0437\\u0432\\u044b\\u0447\\u0430\\u0439\\u043d\\u043e \\u0432\\u044b\\u0440\\u0430\\u0436\\u0435\\u043d\\u043d\\u0430\\u044f \\u043d\\u0435\\u0440\\u0432\\u043e\\u0437\\u043d\\u043e\\u0441\\u0442\\u044c \\u0438 \\u043f\\u0435\\u0440\\u0435\\u043f\\u0430\\u0434\\u044b \\u043d\\u0430\\u0441\\u0442\\u0440\\u043e\\u0435\\u043d\\u0438\\u044f, \\u0434\\u0435\\u043f\\u0440\\u0435\\u0441\\u0441\\u0438\\u0432\\u043d\\u044b\\u0435 \\u0441\\u043e\\u0441\\u0442\\u043e\\u044f\\u043d\\u0438\\u044f.<\\/li><li>\\u041b\\u0435\\u0447\\u0435\\u043d\\u0438\\u0435 \\u0431\\u0435\\u0441\\u0441\\u043e\\u043d\\u043d\\u0438\\u0446\\u044b \\u0438 \\u043d\\u0430\\u043e\\u0431\\u043e\\u0440\\u043e\\u0442 \\u043f\\u043e\\u0432\\u044b\\u0448\\u0435\\u043d\\u043d\\u043e\\u0439 \\u0441\\u043e\\u043d\\u043b\\u0438\\u0432\\u043e\\u0441\\u0442\\u0438<\\/li><\\/ul><p>\\u042d\\u0442\\u043e \\u0442\\u043e\\u043b\\u044c\\u043a\\u043e \\u0447\\u0430\\u0441\\u0442\\u044c \\u0441\\u0430\\u043c\\u044b\\u0445 \\u0440\\u0430\\u0441\\u043f\\u0440\\u043e\\u0441\\u0442\\u0440\\u0430\\u043d\\u0451\\u043d\\u043d\\u044b\\u0445 \\u0441\\u0438\\u043c\\u043f\\u0442\\u043e\\u043c\\u043e\\u0432 \\u0438 \\u0431\\u043e\\u043b\\u0435\\u0437\\u043d\\u0435\\u0439, \\u0441 \\u043a\\u043e\\u0442\\u043e\\u0440\\u044b\\u043c\\u0438 \\u043e\\u0431\\u0440\\u0430\\u0449\\u0430\\u044e\\u0442\\u0441\\u044f \\u043d\\u0430 \\u043f\\u0440\\u0438\\u0451\\u043c. \\u041d\\u043e, \\u043f\\u043e\\u0432\\u0435\\u0440\\u044c\\u0442\\u0435, \\u043d\\u0435\\u0432\\u0440\\u043e\\u043b\\u043e\\u0433\\u0438\\u044f \\u0437\\u0430\\u0442\\u0440\\u0430\\u0433\\u0438\\u0432\\u0430\\u0435\\u0442 \\u043d\\u0430\\u043c\\u043d\\u043e\\u0433\\u043e \\u0431\\u043e\\u043b\\u044c\\u0448\\u0435 \\u0442\\u0435\\u043c \\u0438 \\u043d\\u0430\\u0441\\u0447\\u0438\\u0442\\u044b\\u0432\\u0430\\u0435\\u0442 \\u0432 \\u0440\\u0430\\u0437\\u044b \\u0431\\u043e\\u043b\\u044c\\u0448\\u0435 \\u0431\\u043e\\u043b\\u0435\\u0437\\u043d\\u0435\\u0439, \\u043e \\u043a\\u043e\\u0442\\u043e\\u0440\\u044b\\u0445 \\u044f \\u043f\\u043e\\u0441\\u0442\\u0430\\u0440\\u0430\\u044e\\u0441\\u044c \\u043f\\u043e\\u0434\\u0430\\u0442\\u044c \\u043f\\u043e\\u043d\\u044f\\u0442\\u043d\\u0443\\u044e \\u0438\\u043d\\u0444\\u043e\\u0440\\u043c\\u0430\\u0446\\u0438\\u044e \\u0434\\u043b\\u044f \\u0432\\u043e\\u0441\\u043f\\u0440\\u0438\\u044f\\u0442\\u0438\\u044f.<\\/p>\"},\"image\":{\"src\":\"\\/image\\/16\\/conversions\\/izobrazenie-viber-2020-12-17-11-58-18-content.jpg\"}}', 4);

-- --------------------------------------------------------

--
-- Структура таблицы `migrations`
--

CREATE TABLE IF NOT EXISTS `migrations` (
  `id` int(10) UNSIGNED NOT NULL AUTO_INCREMENT,
  `migration` varchar(191) COLLATE utf8mb4_unicode_ci NOT NULL,
  `batch` int(11) NOT NULL,
  PRIMARY KEY (`id`)
) ENGINE=InnoDB AUTO_INCREMENT=18 DEFAULT CHARSET=utf8mb4 COLLATE=utf8mb4_unicode_ci;

--
-- Дамп данных таблицы `migrations`
--

INSERT INTO `migrations` (`id`, `migration`, `batch`) VALUES
(1, '2014_10_00_000000_create_settings_table', 1),
(2, '2014_10_00_000001_add_group_column_on_settings_table', 1),
(3, '2014_10_12_000000_create_users_table', 1),
(4, '2014_10_12_100000_create_password_resets_table', 1),
(5, '2014_10_12_200000_add_two_factor_columns_to_users_table', 1),
(6, '2019_08_19_000000_create_failed_jobs_table', 1),
(7, '2019_09_14_081827_create_posts_table', 1),
(8, '2019_10_16_145717_create_taxonomies_table', 1),
(9, '2019_12_14_000001_create_personal_access_tokens_table', 1),
(10, '2020_01_07_163431_create_feedback_table', 1),
(11, '2020_09_07_110850_create_post_translations_table', 1),
(12, '2020_09_07_110850_create_taxonomy_translations_table', 1),
(13, '2020_09_28_115829_create_sessions_table', 1),
(14, '2020_10_29_145137_create_media_table', 1),
(15, '2020_11_16_205237_create_metadata_table', 1),
(16, '2020_12_08_214711_create_menu_table', 1),
(17, '2020_12_08_214829_create_menu_translations_table', 1);

-- --------------------------------------------------------

--
-- Структура таблицы `password_resets`
--

CREATE TABLE IF NOT EXISTS `password_resets` (
  `email` varchar(191) COLLATE utf8mb4_unicode_ci NOT NULL,
  `token` varchar(191) COLLATE utf8mb4_unicode_ci NOT NULL,
  `created_at` timestamp NULL DEFAULT NULL,
  KEY `password_resets_email_index` (`email`)
) ENGINE=InnoDB DEFAULT CHARSET=utf8mb4 COLLATE=utf8mb4_unicode_ci;

-- --------------------------------------------------------

--
-- Структура таблицы `personal_access_tokens`
--

CREATE TABLE IF NOT EXISTS `personal_access_tokens` (
  `id` bigint(20) UNSIGNED NOT NULL AUTO_INCREMENT,
  `tokenable_type` varchar(191) COLLATE utf8mb4_unicode_ci NOT NULL,
  `tokenable_id` bigint(20) UNSIGNED NOT NULL,
  `name` varchar(191) COLLATE utf8mb4_unicode_ci NOT NULL,
  `token` varchar(64) COLLATE utf8mb4_unicode_ci NOT NULL,
  `abilities` text COLLATE utf8mb4_unicode_ci,
  `last_used_at` timestamp NULL DEFAULT NULL,
  `created_at` timestamp NULL DEFAULT NULL,
  `updated_at` timestamp NULL DEFAULT NULL,
  PRIMARY KEY (`id`),
  UNIQUE KEY `personal_access_tokens_token_unique` (`token`),
  KEY `personal_access_tokens_tokenable_type_tokenable_id_index` (`tokenable_type`,`tokenable_id`)
) ENGINE=InnoDB DEFAULT CHARSET=utf8mb4 COLLATE=utf8mb4_unicode_ci;

-- --------------------------------------------------------

--
-- Структура таблицы `posts`
--

CREATE TABLE IF NOT EXISTS `posts` (
  `id` bigint(20) UNSIGNED NOT NULL AUTO_INCREMENT,
  `slug` varchar(50) COLLATE utf8mb4_unicode_ci DEFAULT NULL,
  `type` varchar(10) COLLATE utf8mb4_unicode_ci NOT NULL,
  `status` varchar(10) COLLATE utf8mb4_unicode_ci NOT NULL DEFAULT 'draft',
  `order` int(10) UNSIGNED NOT NULL DEFAULT '10',
  `user_id` int(10) UNSIGNED DEFAULT NULL,
  `deleted_at` timestamp NULL DEFAULT NULL,
  `created_at` timestamp NULL DEFAULT NULL,
  `updated_at` timestamp NULL DEFAULT NULL,
  PRIMARY KEY (`id`),
  UNIQUE KEY `posts_slug_unique` (`slug`),
  KEY `posts_type_index` (`type`),
  KEY `posts_status_index` (`status`)
) ENGINE=InnoDB AUTO_INCREMENT=216 DEFAULT CHARSET=utf8mb4 COLLATE=utf8mb4_unicode_ci;

--
-- Дамп данных таблицы `posts`
--

INSERT INTO `posts` (`id`, `slug`, `type`, `status`, `order`, `user_id`, `deleted_at`, `created_at`, `updated_at`) VALUES
(2, NULL, 'news', 'publish', 10, 1, NULL, '2020-12-12 00:00:00', '2020-12-13 20:12:43'),
(4, NULL, 'news', 'off', 10, 1, NULL, '2020-12-12 14:05:49', '2020-12-12 14:05:49'),
(6, NULL, 'news', 'draft', 10, 1, NULL, '2020-12-12 14:05:49', '2020-12-12 14:05:49'),
(12, NULL, 'news', 'publish', 10, 1, NULL, '2020-12-12 14:05:49', '2020-12-12 14:05:49'),
(13, NULL, 'news', 'publish', 10, 1, NULL, '2020-12-12 14:05:49', '2020-12-12 14:05:49'),
(16, NULL, 'news', 'draft', 10, 1, NULL, '2020-12-12 14:05:49', '2020-12-12 14:05:49'),
(24, NULL, 'news', 'off', 10, 1, NULL, '2020-12-12 14:05:49', '2020-12-12 14:05:49'),
(25, NULL, 'news', 'off', 10, 1, NULL, '2020-12-12 14:05:49', '2020-12-12 14:05:49'),
(29, NULL, 'news', 'publish', 10, 1, NULL, '2020-12-12 14:05:49', '2020-12-12 14:05:49'),
(31, NULL, 'news', 'publish', 10, 1, NULL, '2020-12-12 14:05:49', '2020-12-12 14:05:49'),
(32, NULL, 'news', 'off', 10, 1, NULL, '2020-12-12 14:05:49', '2020-12-12 14:05:49'),
(33, NULL, 'news', 'off', 10, 1, NULL, '2020-12-12 14:05:49', '2020-12-12 14:05:49'),
(37, NULL, 'news', 'off', 10, 1, NULL, '2020-12-12 14:05:49', '2020-12-12 14:05:49'),
(39, NULL, 'news', 'publish', 10, 1, NULL, '2020-12-12 14:05:49', '2020-12-12 14:05:49'),
(41, NULL, 'news', 'publish', 10, 1, NULL, '2020-12-12 14:05:49', '2020-12-12 14:05:49'),
(49, NULL, 'news', 'publish', 10, 1, NULL, '2020-12-12 14:05:49', '2020-12-12 14:05:49'),
(56, NULL, 'news', 'draft', 10, 1, NULL, '2020-12-12 14:05:49', '2020-12-12 14:05:49'),
(57, NULL, 'news', 'off', 10, 1, NULL, '2020-12-12 14:05:49', '2020-12-12 14:05:49'),
(58, NULL, 'news', 'draft', 10, 1, NULL, '2020-12-12 14:05:49', '2020-12-12 14:05:49'),
(63, NULL, 'news', 'off', 10, 1, NULL, '2020-12-12 14:05:49', '2020-12-12 14:05:49'),
(64, NULL, 'news', 'publish', 10, 1, NULL, '2020-12-12 14:05:49', '2020-12-12 14:05:49'),
(67, NULL, 'news', 'draft', 10, 1, NULL, '2020-12-12 14:05:49', '2020-12-12 14:05:49'),
(68, NULL, 'news', 'publish', 10, 1, NULL, '2020-12-12 14:05:49', '2020-12-12 14:05:49'),
(70, 'main', 'pages', 'publish', 10, 1, NULL, '2020-12-11 22:00:00', '2020-12-14 06:13:00'),
(73, NULL, 'news', 'draft', 10, 1, NULL, '2020-12-12 14:05:49', '2020-12-12 14:05:49'),
(74, NULL, 'news', 'publish', 10, 1, NULL, '2020-12-12 14:05:49', '2020-12-12 14:05:49'),
(77, NULL, 'news', 'draft', 10, 1, NULL, '2020-12-12 14:05:49', '2020-12-12 14:05:49'),
(79, NULL, 'news', 'publish', 10, 1, NULL, '2020-12-12 14:05:49', '2020-12-12 14:05:49'),
(93, NULL, 'news', 'off', 10, 1, NULL, '2020-12-12 14:05:49', '2020-12-12 14:05:49'),
(94, NULL, 'news', 'publish', 10, 1, NULL, '2020-12-12 14:05:49', '2020-12-12 14:05:49'),
(99, NULL, 'news', 'off', 10, 1, NULL, '2020-12-12 14:05:49', '2020-12-12 14:05:49'),
(100, NULL, 'news', 'draft', 10, 1, NULL, '2020-12-12 14:05:49', '2020-12-12 14:05:49'),
(101, NULL, 'news', 'draft', 10, 1, NULL, '2020-12-12 14:05:49', '2020-12-12 14:05:49'),
(103, NULL, 'news', 'draft', 10, 1, NULL, '2020-12-12 14:05:49', '2020-12-12 14:05:49'),
(104, NULL, 'news', 'draft', 10, 1, NULL, '2020-12-12 14:05:49', '2020-12-12 14:05:49'),
(105, NULL, 'news', 'publish', 10, 1, NULL, '2020-12-12 14:05:49', '2020-12-12 14:05:49'),
(115, NULL, 'news', 'publish', 10, 1, NULL, '2020-12-12 14:05:49', '2020-12-12 14:05:49'),
(117, NULL, 'news', 'off', 10, 1, NULL, '2020-12-12 14:05:49', '2020-12-12 14:05:49'),
(119, NULL, 'news', 'off', 10, 1, NULL, '2020-12-12 14:05:49', '2020-12-12 14:05:49'),
(120, NULL, 'news', 'draft', 10, 1, NULL, '2020-12-12 14:05:49', '2020-12-12 14:05:49'),
(129, NULL, 'news', 'off', 10, 1, NULL, '2020-12-12 14:05:49', '2020-12-12 14:05:49'),
(130, NULL, 'news', 'draft', 10, 1, NULL, '2020-12-12 14:05:49', '2020-12-12 14:05:49'),
(133, NULL, 'news', 'off', 10, 1, NULL, '2020-12-12 14:05:49', '2020-12-12 14:05:49'),
(135, NULL, 'news', 'publish', 10, 1, NULL, '2020-12-12 14:05:49', '2020-12-12 14:05:49'),
(136, NULL, 'news', 'off', 10, 1, NULL, '2020-12-12 14:05:49', '2020-12-12 14:05:49'),
(139, NULL, 'news', 'draft', 10, 1, NULL, '2020-12-12 14:05:49', '2020-12-12 14:05:49'),
(140, NULL, 'news', 'draft', 10, 1, NULL, '2020-12-12 14:05:49', '2020-12-12 14:05:49'),
(149, NULL, 'news', 'off', 10, 1, NULL, '2020-12-12 14:05:49', '2020-12-12 14:05:49'),
(150, NULL, 'news', 'draft', 10, 1, NULL, '2020-12-12 14:05:49', '2020-12-12 14:05:49'),
(153, NULL, 'news', 'off', 10, 1, NULL, '2020-12-12 14:05:49', '2020-12-12 14:05:49'),
(154, NULL, 'news', 'publish', 10, 1, NULL, '2020-12-12 14:05:49', '2020-12-12 14:05:49'),
(155, NULL, 'news', 'off', 10, 1, NULL, '2020-12-12 14:05:49', '2020-12-12 14:05:49'),
(157, 'contacts', 'pages', 'publish', 10, 1, NULL, '2020-12-12 00:00:00', '2020-12-13 21:50:45'),
(163, NULL, 'news', 'off', 10, 1, NULL, '2020-12-12 14:05:49', '2020-12-12 14:05:49'),
(164, NULL, 'news', 'publish', 10, 1, NULL, '2020-12-12 14:05:49', '2020-12-12 14:05:49'),
(174, NULL, 'news', 'publish', 10, 1, NULL, '2020-12-12 14:05:49', '2020-12-12 14:05:49'),
(179, NULL, 'news', 'publish', 10, 1, NULL, '2020-12-12 14:05:50', '2020-12-12 14:05:50'),
(180, NULL, 'news', 'publish', 10, 1, NULL, '2020-12-12 14:05:50', '2020-12-12 14:05:50'),
(181, NULL, 'news', 'off', 10, 1, NULL, '2020-12-12 14:05:50', '2020-12-12 14:05:50'),
(182, NULL, 'news', 'publish', 10, 1, NULL, '2020-12-12 14:05:50', '2020-12-12 14:05:50'),
(184, NULL, 'news', 'publish', 10, 1, NULL, '2020-12-12 14:05:50', '2020-12-12 14:05:50'),
(187, NULL, 'news', 'draft', 10, 1, NULL, '2020-12-12 14:05:50', '2020-12-12 14:05:50'),
(188, NULL, 'news', 'off', 10, 1, NULL, '2020-12-12 14:05:50', '2020-12-12 14:05:50'),
(193, NULL, 'news', 'publish', 10, 1, NULL, '2020-12-12 14:05:50', '2020-12-12 14:05:50'),
(194, NULL, 'news', 'draft', 10, 1, NULL, '2020-12-12 14:05:50', '2020-12-12 14:05:50'),
(210, NULL, 'articles', 'draft', 10, 1, NULL, '2020-12-13 00:00:00', '2020-12-13 20:08:03'),
(211, 'about', 'pages', 'publish', 10, 1, NULL, '2020-12-12 22:00:00', '2020-12-21 06:52:15'),
(212, 'faq', 'pages', 'publish', 10, 1, NULL, '2020-12-13 00:00:00', '2020-12-13 21:59:59'),
(213, 'services', 'pages', 'publish', 10, 1, NULL, '2020-12-13 00:00:00', '2020-12-13 22:00:24'),
(214, 'articles', 'pages', 'publish', 10, 1, NULL, '2020-12-20 22:00:00', '2020-12-20 23:26:34'),
(215, 'news', 'pages', 'publish', 10, 1, NULL, '2020-12-20 22:00:00', '2020-12-20 23:26:07');

-- --------------------------------------------------------

--
-- Структура таблицы `post_translations`
--

CREATE TABLE IF NOT EXISTS `post_translations` (
  `id` bigint(20) UNSIGNED NOT NULL AUTO_INCREMENT,
  `post_id` bigint(20) UNSIGNED NOT NULL,
  `lang` varchar(4) COLLATE utf8mb4_unicode_ci NOT NULL,
  `title` varchar(191) COLLATE utf8mb4_unicode_ci DEFAULT NULL,
  `content` longtext COLLATE utf8mb4_unicode_ci,
  `excerpt` text COLLATE utf8mb4_unicode_ci,
  `metatitle` varchar(191) COLLATE utf8mb4_unicode_ci DEFAULT NULL,
  `metadescription` text COLLATE utf8mb4_unicode_ci,
  `metakeys` varchar(191) COLLATE utf8mb4_unicode_ci DEFAULT NULL,
  `slug` varchar(191) COLLATE utf8mb4_unicode_ci DEFAULT NULL,
  PRIMARY KEY (`id`),
  UNIQUE KEY `post_translations_post_id_lang_unique` (`post_id`,`lang`),
  KEY `post_translations_post_id_index` (`post_id`),
  KEY `post_translations_lang_index` (`lang`)
) ENGINE=InnoDB AUTO_INCREMENT=415 DEFAULT CHARSET=utf8mb4 COLLATE=utf8mb4_unicode_ci;

--
-- Дамп данных таблицы `post_translations`
--

INSERT INTO `post_translations` (`id`, `post_id`, `lang`, `title`, `content`, `excerpt`, `metatitle`, `metadescription`, `metakeys`, `slug`) VALUES
(3, 2, 'uk', '[uk] Слухаючи Максимових слів, вона чула, як у ньому одна за другою рвалися найсильніші й найсвятіші.', 'Але я ще не його, я - ще твоя. А хоч і його буду, то не перестану любити тебе, таточку, - ніколи, ніколи! - Але ж, дурна дівчино, ти не будеш його про се ніщо й думати! Хіба ти - забула, що ти боярська дочка, а він смерд, вівчар?… - Ні, таточку, не говори сього! Він такий рицар, як і інші рицарі,ні, - він ліпший, сміліший і чесніший від усіх тих боярчуків, яких я - бачила досі. Впрочім, таточку, дарма вже відмовляти я присягла. - Що значить присяга дурної, осліпленої дівчини? - Ні, таточку, я не дурна і не осліплена! Не в пориві дикої - пристрасті, не без ваговання й думання я зробила се. Навіть не без - вищої волі, таточку! Остатні слова сказала вона якимсь приглушеним, таємничим голосом. Боярин цікаво обернувся до неї: - Ну, а се що знов? Яка вища воля спонукала тебе до такого.', 'Сам же ти не раз оповідав, як вони подушили князів під дошками. - І се добре! Нехай їх душать, тих хитрих круків! Але боярина не - задушили ніякого. Ще раз кажу тобі: се наші союзники! - Але ж.', 'Слухаючи Максимових слів, вона чула, як у ньому одна за другою рвалися найсильніші й найсвятіші.', 'Аж тепер, почувши з батькових уст монгольську мову і побачивши, з якою пошаною монголи сповняли його волю, вона догадалася, що батько її не віднині знається з тими страшними нищителями рідної землі.', NULL, 'sluxayuci-maksimovix-sliv-vona-cula-yak-u-nyomu-odna-za-drugoyu-rvalisya-naisilnisi-i-naisvyatisi'),
(4, 2, 'ru', '[ru] Пройдет, пройдет, матушка. На это нечего глядеть. — Дай бог, чтобы прошло. Я-то смазывала свиным.', 'Собакевича!» — Мы об вас вспоминали у председателя палаты, у Ивана Григорьевича, — — сказал наконец Чичиков, видя, что никто не располагается начинать — разговора, — в прошедший четверг. Очень приятно провели там время. — Да, я не был тогда у председателя, — отвечал Собакевич. — А прекрасный человек! — Кто такой? — сказал Собакевич, глядя на угол печи. — Председатель. — Ну, может быть, это вам так показалось: он только что масон, а такой — дурак, какого свет не производил. Чичиков немного озадачился таким отчасти резким определением, но потом, поправившись, продолжал: — Конечно, всякий человек не без слабостей, но зато губернатор какой — превосходный человек! — Губернатор превосходный человек? — Да, не правда ли? — Первый разбойник в мире! — Как, губернатор разбойник? — сказал Чичиков и.', 'И наврет совершенно без всякой нужды: вдруг расскажет, что у него была лошадь какой-нибудь голубой или розовой шерсти, и тому подобную чепуху, так что слушающие наконец все отходят, произнесши: «Ну.', 'Пройдет, пройдет, матушка. На это нечего глядеть. — Дай бог, чтобы прошло. Я-то смазывала свиным.', 'Этот, братец, и в гальбик, и в — банчишку, и во все что хочешь. Эх, Чичиков, ну что бы тебе стоило — приехать? Право, свинтус ты за это, скотовод эдакой! Поцелуй меня, — душа, смерть люблю тебя!.', NULL, 'proidet-proidet-matuska-na-eto-necego-glyadet-dai-bog-ctoby-proslo-ya-to-smazyvala-svinym'),
(7, 4, 'uk', '[uk] Києві, бачив князів і їх діла, пізнав вояків і рушай - з піднесеним оружжям ждали вони нападу.', 'Він за молодших часів часто ходив по громадах, бував на їх копних зборах, старався пізнати добре їх потреби й людей, і всюди ради та намови його змагали до одного: до скріплення дружніх, товариських і братерських зв\'язків між людьми в громадах і між громадами в сусідстві. А зв\'язки ті були тоді ще досить живі й сильні; ще роз\'їд- лива князівщина та боярщина не здужала була порозривати їх до решти,- тому й не диво, що під проводом так усіма любленого, так досвідного і громадському ділу відданого чоловіка, як Захар Беркут, ті зв\'язки живо відновилися і зміцніли. Особливо зв\'язок з руськими громадами по угорськім боці був дуже важним ділом для Тухоль-щини, ба й для цілої Стрийської верховини, багатої вовною та кожухами, та зате досить убогої на хліб, якого мали недостатком загірні люди.', 'ІІостій, боярине, я ще не скінчив,сказав спокійно Захар Беркут.Отеє - ти згадав про свою честь і раз у раз говориш про свої великі - заслуги. Будь ласкав, скажи нам, які се твої заслуги, щоб і ми.', 'Києві, бачив князів і їх діла, пізнав вояків і рушай - з піднесеним оружжям ждали вони нападу.', 'Головне діло наше, товариші, держатися сих стін. Поки ворог не випре - нас від сього дому і не окружить на вільнім полі, поти не маємо чого - боятися. Дім сей то буде наша твердиня! І він розставляв.', '', 'kijevi-baciv-knyaziv-i-yix-dila-piznav-voyakiv-i-rusai-z-pidnesenim-oruzzyam-zdali-voni-napadu'),
(8, 4, 'ru', '[ru] Мальбруг. — Когда же ты можешь, пересесть вот в — банчишку, и во рту после вчерашнего точно.', 'Селифан, не видя ни зги, направил лошадей так прямо на деревню, что остановился тогда только, когда бричка ударилася оглоблями в забор и когда решительно уже некуда было ехать. Чичиков только заметил сквозь густое покрывало лившего дождя что-то похожее на крышу. Он послал Селифана отыскивать ворота, что, без сомнения, продолжалось бы долго, если бы на Руси не было вместо швейцаров лихих собак, которые доложили о нем так звонко, что он поднес пальцы к ушам своим. Свет мелькнул в одном окошке и досягнул туманною струею до забора, указавши нашим дорожным ворота. Селифан принялся стучать, и скоро, отворив калитку, высунулась какая-то фигура, покрытая армяком, и барин со слугою услышали хриплый бабий голос: — Кто стучит? чего расходились? — Приезжие, матушка, пусти переночевать, — произнес.', 'Я ему сулил каурую кобылу, которую, помнишь, выменял — у Хвостырева… — Чичиков, впрочем, отроду не видел ни каурой кобылы, — ни Хвостырева. — Барин! ничего не хотите закусить? — сказала в это время.', 'Мальбруг. — Когда же ты можешь, пересесть вот в — банчишку, и во рту после вчерашнего точно.', 'Вздор! — сказал Ноздрев в ответ на каков-то ставление белокурого, — надел ему на голову картуз, и — белокурый отправился вслед за ними. — За водочку, барин, не заплатили… — сказала старуха — А.', '', 'malbrug-kogda-ze-ty-mozes-peresest-vot-v-bancisku-i-vo-rtu-posle-vcerasnego-tocno'),
(11, 6, 'uk', '[uk] Стійте! кричав до своїх коралових уст і прояснення ока, потрібне при такім важнім ділі, як народна.', 'Мирослава все ще стояла на місці, держачи руку гарного парубка в своїй руці і дивлячись у його хороше, сонцем опалене і здоровим рум\'янцем осяяне, одверте, щире лице. В тій хвилі вона не почувала нічого, крім вдячності за рятунок від нехибної смерті. Але коли Максим, трохи осмілившись, стиснув її ніжну, а так сильну руку, тоді Мирослава почула, як щось солодко защеміло їй коло серця, як лице її загорілось стидливим рум\'янцем,- і вона спустила очі, а слово подяки, котре готове було вилетіти з її уст, так і завмерло на губах і розіллялось по лиці дивним чаром розгоряючого сердечного чуття. Максим перший отямився. В його серці, смілім і чистім, як щире золото, відразу блиснула щаслива думка, котра тут же перемінилася в незломне рішення. Се вернуло йому всю смілість і певність поступування.', 'Що за гарна країна, таточку! скрикнула вона дзвінким, срібним - голосом, коли коні їх на хвильку зупинилися на крутім пригірку, - через який вони з трудом пробиралися, щоб перед цілковитим смерком.', 'Стійте! кричав до своїх коралових уст і прояснення ока, потрібне при такім важнім ділі, як народна.', 'А тоді всяким монголам одверта дорога в нашу країну. Бо поглянь тепер на кашу Русь! Твій владник, твій могу-чий князь Данило пропав десь безвісти. Замість обернутися до свого народу, віддати йому.', '', 'stiite-kricav-do-svoyix-koralovix-ust-i-proyasnennya-oka-potribne-pri-takim-vaznim-dili-yak-narodna'),
(12, 6, 'ru', '[ru] Не успел Чичиков осмотреться, как уже был средних лет и осмотрительно-охлажденного характера. Он.', 'Собакевич, оборотившись. — Готова? Пожалуйте ее сюда! — Он пробежал ее глазами и подивился — аккуратности и точности: не только было обстоятельно прописано — ремесло, звание, лета и семейное состояние, но даже на полях — находились особенные отметки насчет поведения, трезвости, — словом, — любо было глядеть. — Теперь пожалуйте же задаточек, — сказал Собакевич. — К чему же вам задаточек? Вы получите в городе за одним разом все — деньги. — Все, знаете, так уж водится, — возразил Собакевич. — Не знаю, как вам дать, я не взял с собою денег. Да, вот десять — рублей есть. — Что же десять! Дайте по крайней мере хоть пятьдесят! Чичиков стал было отговариваться, что нет; но Собакевич так сказал утвердительно, что у него есть деньги, что он вынул еще бумажку, сказавши: — Пожалуй, вот вам еще.', 'Можно было видеть тотчас, что он совершил свое поприще, как совершают его все господские приказчики: был прежде просто грамотным мальчишкой в доме, потом женился на какой-нибудь Агашке-ключнице.', 'Не успел Чичиков осмотреться, как уже был средних лет и осмотрительно-охлажденного характера. Он.', 'Но здоровые и полные щеки его так хорошо были сотворены и вмещали в себе столько растительной силы, что бакенбарды скоро вырастали вновь, еще даже лучше прежних. И что всего страннее, что может.', '', 'ne-uspel-cicikov-osmotretsya-kak-uze-byl-srednix-let-i-osmotritelno-oxlazdennogo-xaraktera-on'),
(23, 12, 'uk', '[uk] Максима. - То нехай же бог помагає! сказали вони і, піднявши обіруч топір, одним замахом розрубала.', 'Що сила наша, спробуємо зробити. - Коли так, то прийміть мене за свого воєводу. Я вас поведу до бою - проти монголів! - Постій, боярине, ми ще не дійшли до вибору воєводи. Ти ще не - витолкувався зі своїх поступків у нашій громаді. Твою щиру волю до - служби громаді ми приймемо, але батьки наші казали нам, що до - чистого діла треба й чистих рук. А чи будуть твої руки чисті до - такого діла, боярине? Тугар Вовк змішався трохи таким наглим зворотом, а далі сказав: - Старче, громадо,покиньмо давні урази! Ворог зближається, з\'єднаймо - свої сили проти нього! Доправ-дуючись своєї урази, ви можете лише - пошкодити ділу, а хісна ніякого собі не добудете. - Ні, боярине, не говори сього! Не своєї урази ми до-правдуємось, але - самої правди. Неправдою прийшов ти до нас, боярине, не по правді.', 'Ні вже,кричав він,сим разом не уйдете моєї руки! І своїм важким - топором повалив першого стрічного противника, що вчора ще був його - найвірнішим лучником. Зойкнув смертельно ранений і впав під.', 'Максима. - То нехай же бог помагає! сказали вони і, піднявши обіруч топір, одним замахом розрубала.', 'Їй піддатися, а лиш на те, щоб побачити, що - се за рада буде. - Прийди, боярине, прийди! скрикнув радісно Максим.Побачиш сам, що - тухольська громада вміє бути справедливою. Приречення Тугара Вовка.', '', 'maksima-to-nexai-ze-bog-pomagaje-skazali-voni-i-pidnyavsi-obiruc-topir-odnim-zamaxom-rozrubala'),
(24, 12, 'ru', '[ru] Ему нравилось не то, что губернатор сделал ему приглашение пожаловать к нему того же вечера на.', 'Ноздрев во многих отношениях был многосторонний человек, то есть человек на все руки. В ту же минуту он предлагал вам ехать куда угодно, хоть на край света, войти в какое хотите предприятие, менять все что ни есть на все, что хотите. Ружье, собака, лошадь — все было предметом мены, но вовсе не с тем, чтобы выиграть: это происходило просто от какой-то неугомонной юркости и бойкости характера. Если ему на ярмарке посчастливилось напасть на простака и обыграть его, он накупал кучу всего, что прежде попадалось ему на глаза в лавках: хомутов, курительных свечек, платков для няньки, жеребца, изюму, серебряный рукомойник, голландского холста, крупичатой муки, табаку, пистолетов, селедок, картин, точильный инструмент, горшков, сапогов, фаянсовую посуду — насколько хватало денег. Впрочем, редко.', 'Прометей! Высматривает орлом, выступает плавно, мерно. Тот же самый орел, как только вышел из комнаты и приближается к кабинету своего начальника, куропаткой такой спешит с бумагами под мышкой, что.', 'Ему нравилось не то, что губернатор сделал ему приглашение пожаловать к нему того же вечера на.', 'Веришь ли, что офицеры, сколько их ни было, сорок — человек одних офицеров было в городе; как начали мы, братец, пить… — Штабс-ротмистр Поцелуев… такой славный! усы, братец, такие! Бордо — называет.', '', 'emu-nravilos-ne-to-cto-gubernator-sdelal-emu-priglasenie-pozalovat-k-nemu-togo-ze-vecera-na'),
(25, 13, 'uk', '[uk] Бурунда був єдиний смільчак до виконання сього плану. - Добре,сказав Пета,нехай буде по-твойому!.', 'Не вернемось? А се для чого? - Для того,сказав боярин з силуваним супокоєм,що ті твої добрі люди, а - поперед усіх той старий чорт, батько твого укоханого Максима, - ухвалили на своїй раді вигнати нас із свого села, розвалити наш дім - і зрівняти його з землею! Але постійте ви, хамове плем\'я, пізнаєте ви, з ким маєте діло! Тугар Вовк - се не тухольський вовк, він і тухольським медведям зуміє показати зуби! Болюче тьохнуло в серці Мирослави, коли почула ті слова. - Вигнали нас, таточку? І за що ж нас вигнали? Певно, за того - лісничого, що ти казав так немилосердно бити, хоч я з слізьми - благала тебе пустити його на волю? - Як ти все те тямиш! підхопив злісно Тугар, хоч у серці глибоко - вкололо його те скарження з уст доньки.О, я знаю, що коли б ти була - на тій раді, то й ти була б.', 'Не віт-цем і опікуном ми вважаємо твого князя, але карою божою, зісланою на нас за гріхи наші, від якої мусимо від- купуватися щорічними данинами. Чим менше ми про нього знаємо, а він про нас, тим.', 'Бурунда був єдиний смільчак до виконання сього плану. - Добре,сказав Пета,нехай буде по-твойому!.', 'При вході в долину ревів водопад, розбиваючись о каміння сріблястою піною; поуз водопаду викутий був у скалі вузький вивіз, яким ішлося вгору і далі понад берегом потока через верхи і полонини аж до.', '', 'burunda-buv-jedinii-smilcak-do-vikonannya-syogo-planu-dobreskazav-petanexai-bude-po-tvoiomu'),
(26, 13, 'ru', '[ru] Ноздрев, — именно не больше как двадцать, я — знаю, на что ж они тебе? — сказала старуха. — Ну.', 'В немного времени он совершенно успел очаровать их. Помещик Манилов, еще вовсе человек не пожилой, имевший глаза сладкие, как сахар, и щуривший их всякий раз, когда смеялся, был от него без памяти. Он очень долго жал ему руку и просил убедительно сделать ему честь своим приездом в деревню, к которой, по его словам, было только пятнадцать верст от городской заставы. На что Чичиков с весьма вежливым наклонением головы и искренним пожатием руки отвечал, что он не только с большою охотою готов это исполнить, но даже почтет за священнейший долг. Собакевич тоже сказал несколько лаконически: «И ко мне прошу», — шаркнувши ногою, обутою в сапог такого исполинского размера, которому вряд ли где можно найти отвечающую ногу, особливо в нынешнее время, когда и на Руси начинают выводиться богатыри. На.', 'Василий Федоров»; где нарисован был бильярд с двумя игроками во фраках, в какие одеваются у нас на театрах гости, входящие в последнем акте на сцену. Игроки были изображены с прицелившимися киями.', 'Ноздрев, — именно не больше как двадцать, я — знаю, на что ж они тебе? — сказала старуха. — Ну.', 'Там, между прочим, он познакомился с помещиком Ноздревым, человеком лет тридцати, разбитным малым, который ему после трех- четырех слов начал говорить «ты». С полицеймейстером и прокурором Ноздрев.', '', 'nozdrev-imenno-ne-bolse-kak-dvadcat-ya-znayu-na-cto-z-oni-tebe-skazala-staruxa-nu'),
(31, 16, 'uk', '[uk] Захар кінчив свою бесіду. - Ось надходить боярин, котрий хвалиться, що з милості для нього було.', 'Гляди, боярине,сказав Максим, зупиняючись над водопадом при вході в - крутий, у камені кований вивіз,гляди, боярине, се діло тухольської - громади! Геть ось туди, через Бескиди, тягнеться сеся дорога, перша така дорога в верховині. Мій батько сам витичував її на протязі п\'ятьох миль; кождий місток, кожда закрутина, кож-дий вивіз на тім протязі зроблений за його показом. Боярин неохітно якось поглянув горами, куди на далекий протяг понад потоком вилася між скалами протерта гірська дорога. Потім глянув долі вивозом і похитав головою. - Твій батько має велику вдасть над громадою? спитав він. - Власть, боярине? відказав здивований Максим.Ні, власті у нас над - громадою не має ніхто: громада має власть сама, а більше ніхто, - боярине. Але мій батько досвідний чоловік і радо служить громаді.', 'Усіх серця билися живіше ожиданням незвісних небезпек, бою і побіди. Обережно пробирались вони рядами; передом ряд боярський, за ним парубоцький ряд; Максим ішов попереду, пильно надслухаючи та.', 'Захар кінчив свою бесіду. - Ось надходить боярин, котрий хвалиться, що з милості для нього було.', 'Позвольте мені, бояри, слово сказати,заговорив до них Максим.Мої - товариші-тухольці замкнули вихід і не пустять ані одного звіра - відси. Тим-то нам не потрібно розходитися віддалік одним від.', '', 'zaxar-kinciv-svoyu-besidu-os-nadxodit-boyarin-kotrii-xvalitsya-shho-z-milosti-dlya-nyogo-bulo'),
(32, 16, 'ru', '[ru] Право, я напрасно время трачу, мне нужно спешить. — Посидите одну минуточку, я вам скажу тоже мое.', 'День, кажется, был заключен порцией холодной телятины, бутылкою кислых щей и крепким сном во всю насосную завертку, как выражаются в иных местах обширного русского государства. Весь следующий день посвящен был визитам; приезжий отправился делать визиты всем городским сановникам. Был с почтением у губернатора, который, как оказалось, подобно Чичикову был ни толст, ни тонок собой, имел на шее Анну, и поговаривали даже, что был представлен к звезде; впрочем, был большой добряк и даже сам вышивал иногда по тюлю. Потом отправился к вице-губернатору, потом был у прокурора, у председателя палаты, у полицеймейстера, у откупщика, у начальника над казенными фабриками… жаль, что несколько трудно упомнить всех сильных мира сего; но довольно сказать, что приезжий оказал необыкновенную деятельность.', 'На все воля божья, матушка! — сказал Чичиков, вздохнувши, — против — мудрости божией ничего нельзя сказать… Уступите-ка их мне, Настасья — Петровна? — Кого, батюшка? — Да вот этих-то всех, что.', 'Право, я напрасно время трачу, мне нужно спешить. — Посидите одну минуточку, я вам скажу тоже мое.', 'Собакевич. — Извинительней сходить в какое-нибудь непристойное — место, чем к нему. — Нет, я спросил не для каких-либо, а потому только, что интересуюсь — познанием всякого рода мест, — отвечал на.', '', 'pravo-ya-naprasno-vremya-tracu-mne-nuzno-spesit-posidite-odnu-minutocku-ya-vam-skazu-toze-moe'),
(47, 24, 'uk', '[uk] Тільки невеличка горстка найсильніших - п\'ять їх було,- окруживши Максима, держалися ще просто.', 'Боярина і Мирослави нема дома, слуг боярин повідправляв, худобу велів перегнати до череди сусіднього, корчинського, осадника; тільки лучники й топірники лишилися, та й ті якісь невеселі, не гомонять, не жартують, ані пісень не співають. Мабуть, важніше якесь жде їх діло, бо беруть луки і стріли, топори й списи, а все те мовчки, сумовито, мов на смерть готуються. Що се такого? Та ось один, що стояв серед шляху, мов на сторожі, дав знак трубою,- і в повній зброї всі дружинники стали в ряд перед боярським дот.юм, піднявши списи, нап явши луки, мов до битви. По шляху надійшла тульська ватага і. побачивши оружних людей перед бояр-ським домом, почала й собі готовитися до бою Тривожними очима позирнув Максим на оружних людей, чи нема між ними боярина. Але, на щастя, боярина не було. Відітхнув.', 'Величезним скоком підплигнув медвідь і шпурнув на одного ловця свою зброю - буковий копар, який зі страшною силою гепнувся о дерево. Тоді, не зупиняючись ані на хвильку і не даючи ворогам часу до.', 'Тільки невеличка горстка найсильніших - п\'ять їх було,- окруживши Максима, держалися ще просто.', 'Недовго так і вдивлялася, але сміло почала вдиратися на великі кам\'яні брили та виверти, що завалювали прохід. Стала на версі і гордо озирнулася довкола. Бояри відійшли вже були досить далеко.', '', 'tilki-nevelicka-gorstka-naisilnisix-pyat-yix-bulo-okruzivsi-maksima-derzalisya-shhe-prosto'),
(48, 24, 'ru', '[ru] Собакевича: держал он его «продовольство». Кони тоже, казалось, думали невыгодно об Ноздреве: не.', 'Настасья Петровна тут же послала Фетинью, приказавши в то же время принести еще горячих блинов. — У вас, матушка, блинцы очень вкусны, — сказал Чичиков, принимаясь за — принесенные горячие. — Да у меня-то их хорошо пекут, — сказала хозяйка, — да вот беда: — урожай плох, мука уж такая неважная… Да что же, батюшка, вы так — спешите? — проговорила она, увидя, что Чичиков взял в руки картуз, — — ведь и бричка еще не заложена. — Заложат, матушка, заложат. У меня скоро закладывают. — Так уж, пожалуйста, не позабудьте насчет подрядов. — Не забуду, не забуду, — говорил Чичиков, выходя в сени. — А свиного сала не покупаете? — сказала хозяйка, следуя за ним. — Почему не покупать? Покупаю, только после. — У меня о святках и свиное сало будет. — Купим, купим, всего купим, и свиного сала купим.', 'Но замечательно, что он все это умел облекать какою-то степенностью, умел хорошо держать себя. Говорил ни громко, ни тихо, а совершенно так, как следует. Словом, куда ни повороти, был очень.', 'Собакевича: держал он его «продовольство». Кони тоже, казалось, думали невыгодно об Ноздреве: не.', 'В доме его чего-нибудь вечно недоставало: в гостиной стояла прекрасная мебель, обтянутая щегольской шелковой материей, которая, верно, стоила весьма недешево; но на два кресла ее недостало, и кресла.', '', 'sobakevica-derzal-on-ego-prodovolstvo-koni-toze-kazalos-dumali-nevygodno-ob-nozdreve-ne'),
(49, 25, 'uk', '[uk] Тугар і його мислі, за - рицарські діла! Моя донька може вибирати собі жениха між найпершими - і.', 'Ти хотіла сказати: ‹\'Я не можу - дальше йти з тобою, я покину тебе, зрадника вітчизни, а вернуся до - свого милого, до свого вірного Беркута!» Скажи, скажи се одверто - і покинь мене. Я піду, куди веде мене доля, і буду до кінця життя свого дбати про твоє добро! Їдовитий голос боярина стався при кінці якимсь м\'яким, тремтячим, зрушуючим, так що Мирослава вибух-ла голосним плачем і кинулась батькові на шию, гірко ридаючи. - Ох, таточку,хлипала вона,як ти рвеш моє серце! Чим я так тяжко - провинилася перед тобою? Я ж знаю, що ти любиш мене! Я… я не покину - тебе ніколи! Я буду твоєю служницею, твоєю невільницею до остатнього - віддиху, лиш не йди туди, не подавай свого чесного ім\'я на вічну - ганьбу! Ридаючи, вона впала батькові до ніг і обнімала руками його коліна, обливала слізьми його.', 'Одна світлиця бояринова, а друга, по другім боці сіней,- його доньки. Ззаду були дві широкі комори: в одній кухня, в другій - служебна. В світлиці боярина стіни були обвішані шкурами мед-ведів.', 'Тугар і його мислі, за - рицарські діла! Моя донька може вибирати собі жениха між найпершими - і.', 'Я присланий сюди князем як воєвода. - Ми сказали тобі, що не признаємо права тзого над нами, а особливо - права на нашу землю. Не тикай, боярине, наших земель і наших людей, - а тоді, може,;.іи.', '', 'tugar-i-iogo-misli-za-ricarski-dila-moya-donka-moze-vibirati-sobi-zenixa-miz-naipersimi-i'),
(50, 25, 'ru', '[ru] Не правда ли, тебе барабан? — продолжал он, — наклонившись к Алкиду. — Парапан, — отвечал Чичиков.', 'Нет, матушка, не обижу, — говорил он, а между тем отирал рукою пот, — который в три ручья катился по лицу его. Он расспросил ее, не имеет — ли она в городе какого-нибудь поверенного или знакомого, которого бы — могла уполномочить на совершение крепости и всего, что следует. — Как же, протопопа, отца Кирила, сын служит в палате, — сказала — Коробочка. Чичиков попросил ее написать к нему доверенное письмо и, чтобы избавить от лишних затруднений, сам даже взялся сочинить. «Хорошо бы было, — подумала между тем про себя Коробочка, — если бы он «забрал у меня в казну муку и скотину. Нужно его задобрить: теста со «вчерашнего вечера еще осталось, так пойти сказать Фетинье, чтоб «спекла блинов; хорошо бы также загнуть пирог пресный с яйцом, у меня «его славно загибают, да и времени берет.', 'Собакевич!» или: «И я тоже очень похож на Собакевича!» — Мы об вас вспоминали у председателя палаты, у Ивана Григорьевича, — — сказал наконец Чичиков, видя, что никто не располагается начинать.', 'Не правда ли, тебе барабан? — продолжал он, — наклонившись к Алкиду. — Парапан, — отвечал Чичиков.', 'Ноздрев. — Смерть не люблю таких растепелей! — — и прибавил вслух: — Ну, черт с тобою, поезжай бабиться с женою, — фетюк![[2 - Фетюк — слово, обидное для мужчины, происхоит от Фиты — — буквы.', '', 'ne-pravda-li-tebe-baraban-prodolzal-on-naklonivsis-k-alkidu-parapan-otvecal-cicikov'),
(57, 29, 'uk', '[uk] Проти князя київського, проти князів волинських, і польських, і - полонину, не спитавши навіть.', 'Синевідська. Вечоріло. Густі сумерки лягали на Підгір\'я. Лісисті тухольські гори задимилися, мов незлічимі вулкани, готовлячись вибухати. Стрий шумів по кам\'яних бродах і пінився по закрутинах. Небо покривалось зорями. Але й на землі, на широкій надстрийськііі рівнині, почали розблискуватись якісь світила, зразу де-де, рідко, мов не-сміло, далі чимраз густіше, сильніше,- поки врешті ціла рівнина, як далеко око засягне, не покрилася ними, не розжеврілася кровавим облиском. Мов море, порушене легким вітром, так меркотів той облиск над долиною, то живіше палахкотячи, то мов розпливаючись у темніючім просторі. Се палали нічні огнища в таборі монголів. Але ген-ген у віддалі, де кінчилось те меркотяче море, палали інші світила, страшні, широкі, бухаючи огняною загравою: се горіли околичні села.', 'Максим кланявся їм і вітав їх голосно, приязно; далі й Мирослава почала вітати старих тухольців, що стояли на дорозі; тільки Тугар Вовк ішов понурий та німий, навіть поглянути не хотів на тих.', 'Проти князя київського, проти князів волинських, і польських, і - полонину, не спитавши навіть.', 'Звір заревів ще дужче і кинувся втікати, але очі його заплили кров\'ю, він не міг знайти виходу і розщибав собою о дерева. Ратище одного боярина впилось йому між ребра, але не завдало смертельної.', '', 'proti-knyazya-kiyivskogo-proti-knyaziv-volinskix-i-polskix-i-poloninu-ne-spitavsi-navit'),
(58, 29, 'ru', '[ru] Порфирий, ступай скажи конюху, чтобы не сказать больше, чем нужно, запутается наконец сама, и.', 'Пропал бы, как волдырь на воде, без всякого следа, не оставивши потомков, не доставив будущим детям ни состояния, ни честного имени!» Герой наш очень заботился о своих потомках. «Экой скверный барин! — думал про себя Селифан. — Я еще не видал «такого барина. То есть плюнуть бы ему за это! Ты лучше человеку не «дай есть, а коня ты должен кормить, потому что конь любит овес. Это «его продовольство: что, примером, нам кошт, то для него овес, он его «продовольство». Кони тоже, казалось, думали невыгодно об Ноздреве: не только гнедой и Заседатель, но и сам чубарый был не в духе. Хотя ему на часть и доставался всегда овес потуже и Селифан не иначе всыпал ему в корыто, как сказавши прежде: «Эх ты, подлец!» — но, однако ж, это все-таки был овес, а не простое сено, он жевал его с удовольствием и.', 'Послушай, братец: ну к черту Собакевича, поедем во мне! каким — балыком попотчую! Пономарев, бестия, так раскланивался, говорит: — «Для вас только, всю ярмарку, говорит, обыщите, не найдете такого».', 'Порфирий, ступай скажи конюху, чтобы не сказать больше, чем нужно, запутается наконец сама, и.', 'Кирила, сын служит в палате, — сказала — Коробочка. Чичиков попросил ее написать к нему доверенное письмо и, чтобы избавить от лишних затруднений, сам даже взялся сочинить. «Хорошо бы было.', '', 'porfirii-stupai-skazi-konyuxu-ctoby-ne-skazat-bolse-cem-nuzno-zaputaetsya-nakonec-sama-i'),
(61, 31, 'uk', '[uk] Шатра їх, як Мирослава зблизька приглянулася, зроблені були з войлоку, розп\'ятого на чотирьох.', 'Чінгісхана, пана всього світу! - сказав боярин. Се була звичайна формула піддання. Пета тоді поважно, - але радо простяг бояринові руку. - В пору приходиш,сказав Пета,ми дожидали свого союзника. - Я знаю свій обов\'язок,сказав Тугар Вовк.В однім лишень я переступив - ваш звичай: я привів доньку свою до табору. - Доньку? сказав зачудуваний Пета.Хіба ж ти не знаєш, що звичай наш - забороняє женщинам вступати в збір вояків? - Знаю. Але що ж я мав зробити з нею? У мене нема дому, ні родини, ні - дружини! Крім мене і великого Чінгісхана, вона не має ніякої опіки! - Мій князь рад був позбутися мене зі свого міста, а ті прокляті - смерди, мої невольники, збунтувалися против мене. - Але все ж таки тут вона не може лишитися. - Я прошу внуків великого Чінгісхана позволити їй лишитися нинішню ніч.', 'Але найбільше змінилися люди. Зверха глянувши, то немовби змоглася між ними «культура», але на ділі виходить, що змоглося тільки їх число. Сіл і присілків більше, хат по селах більше, але зате по.', 'Шатра їх, як Мирослава зблизька приглянулася, зроблені були з войлоку, розп\'ятого на чотирьох.', 'На голос Мирославиного рога відізвався здалека ріг її батька, а там і роги інших бояр. Ще хвильку завагувалася Мирослава, стоячи високо на виверті. Смерека була дуже стара і наскрізь порохнява, а.', '', 'satra-yix-yak-miroslava-zblizka-priglyanulasya-zrobleni-buli-z-voiloku-rozpyatogo-na-cotiryox'),
(62, 31, 'ru', '[ru] Я их знаю всех: это всё выдумки, это всё… — Здесь он несколько отдохнул, ибо чувствовал, что.', 'Ахти, сколько у тебя тут гербовой бумаги! — — продолжала она заглянувши к нему в шкатулку. И в самом деле, — гербовой бумаги было там немало. — Хоть бы мне листок подарил! а у — меня такой недостаток; случится в суд просьбу подать, а и не на чем. Чичиков объяснил ей, что эта бумага не такого рода, что она назначена для совершения крепостей, а не для просьб. Впрочем, чтобы успокоить ее, он дал ей какой-то лист в рубль ценою. Написавши письмо, дал он ей подписаться и попросил маленький списочек мужиков. Оказалось, что помещица не вела никаких записок, ни списков, а знала почти всех наизусть; он заставил ее тут же продиктовать их. Некоторые крестьяне несколько изумили его своими фамилиями, а еще более прозвищами, так что он всякий раз, слыша их, прежде останавливался, а потом уже начинал.', 'Уже стул, которым он вздумал было защищаться, был вырван — крепостными людьми из рук его, уже, зажмурив глаза, ни жив ни мертв, — он готовился отведать черкесского чубука своего хозяина, и бог знает.', 'Я их знаю всех: это всё выдумки, это всё… — Здесь он несколько отдохнул, ибо чувствовал, что.', 'При этом испуг в открытых, остановившихся устах, на глазах слезы — все это в ней было так мило, что герой наш глядел на нее несколько минут, не обращая никакого внимания на происшедшую кутерьму.', '', 'ya-ix-znayu-vsex-eto-vsyo-vydumki-eto-vsyo-zdes-on-neskolko-otdoxnul-ibo-cuvstvoval-cto'),
(63, 32, 'uk', '[uk] Ось мого батька се був сивий, як голуб, звиш 90-літній старець, найстарший віком у цілій.', 'Віддавна Захар Беркут прийшов був до того твердого переконання, що як чоловік сам-один серед громади слабий і безрадний, так і одна громада слаба, і що тільки спільне порозуміння і спільне ділання многих сусідніх громад може надати їм силу і може в кождій громаді поокремо зміцнити свобідні порядки громадські. Тож ніколи, працюючи всілякими способами для своєї Тухоль-щини, Захар не забував і про сусідні громади. Він за молодших часів часто ходив по громадах, бував на їх копних зборах, старався пізнати добре їх потреби й людей, і всюди ради та намови його змагали до одного: до скріплення дружніх, товариських і братерських зв\'язків між людьми в громадах і між громадами в сусідстві. А зв\'язки ті були тоді ще досить живі й сильні; ще роз\'їд- лива князівщина та боярщина не здужала була.', 'Те тільки диво, що й Тугарова донька Мирослава, не поки-даючись батька, посміла також вирушити разом з гістьми на лови. Тухольські громадяни, видячи її, як їхала на лови посеред гостей, гордо.', 'Ось мого батька се був сивий, як голуб, звиш 90-літній старець, найстарший віком у цілій.', 'Він, щоправда, голосить, - що береже нас від нападів угорських вояків. Але як береже нас? - Насилаючи на нас іще гірших ворогів, ніж угри,-своїх неситих бояр з їх дружинами. Угрії нападуть.', '', 'os-mogo-batka-se-buv-sivii-yak-golub-zvis-90-litnii-starec-naistarsii-vikom-u-cilii'),
(64, 32, 'ru', '[ru] Двор окружен был крепкою и непомерно толстою деревянною решеткой. Помещик, казалось, хлопотал.', 'Ноздрев божился, что заплатил десять тысяч. — Десять тысяч ты за него не дал, — заметил зять. — Он и одной не — стоит. — Ей-богу, дал десять тысяч, — сказал Ноздрев. — Ты себе можешь божиться, сколько хочешь, — отвечал зять. — Ну, хочешь, побьемся об заклад! — сказал Ноздрев. Об заклад зять не захотел биться. Потом Ноздрев показал пустые стойла, где были прежде тоже хорошие лошади. В этой же конюшне видели козла, которого, по старому поверью, почитали необходимым держать при лошадях, который, как казалось, был с ними в ладу, гулял под их брюхами, как у себя дома. Потом Ноздрев повел их глядеть волчонка, бывшего на привязи. «Вот волчонок! — сказал он. — Я его нарочно кормлю сырым мясом. Мне хочется, чтобы он был совершенным зверем!» Пошли смотреть пруд, в котором, по словам Ноздрева.', 'Ну так купи собак. Я тебе продам такую пару, просто мороз по коже — подирает! брудастая, с усами, шерсть стоит вверх, как щетина. — Бочковатость ребр уму непостижимая, лапа вся в комке, земли не.', 'Двор окружен был крепкою и непомерно толстою деревянною решеткой. Помещик, казалось, хлопотал.', 'Бобров, Свиньин, Канапатьев, Харпакин, Трепакин, Плешаков. — Богатые люди или нет? — Нет, отец, богатых слишком нет. У кого двадцать душ, у кого — тридцать, а таких, чтоб по сотне, таких нет.', '', 'dvor-okruzen-byl-krepkoyu-i-nepomerno-tolstoyu-derevyannoyu-resetkoi-pomeshhik-kazalos-xlopotal'),
(65, 33, 'uk', '[uk] Зараз з першого разу видно було, що Мирослава вибух-ла голосним плачем і кинулась батькові на шию.', 'Мов ножем перетятий, урвався рик звіра, і він повалився трупом на землю. Не ревіли роги, не лунали веселі оклики по тій новій побіді. Бояри, покинувши свої становища, збіглися на місце нещастя. Хоч і як вони були загартовані в війнах, привикли бачити смерть біля себе, але вид кровавого, потрощеного та пошарпаного трупа витиснув із усіх грудей важкий зойк. Мирослава вхопилась за груди і відвернула очі. Тухольські пасемці на сплетені з галуззя мари положили трупа, а за ним потягли і медведя. Понура мовчанка залягла над товариством. Велика калюжа крові блискотіла до сонця і нагадувала всім, що тут іще перед хвилею стояв живий чоловік, батько дітям, веселий, охочий і повний надії, а тепер з нього лишилася лише безформна купа кровавого м\'яса. У великої часті бояр відійшла охота до ловів.', 'Гаряче слово і велика повага Захара Беркута при-чинювалися немало до того, що, поки більша часть громад держалася добре в тій боротьбі, бояри не могли так швидко розширювати своєї власті, як їм.', 'Зараз з першого разу видно було, що Мирослава вибух-ла голосним плачем і кинулась батькові на шию.', 'Максим Беркут, який аж нині, супроти найважнішого і найтяжчого діла, почув себе вповні самим собою, вповні начальником сеї невеличкої армії, зарядясував з правдиво начальницькою вважливістю й.', '', 'zaraz-z-persogo-razu-vidno-bulo-shho-miroslava-vibux-la-golosnim-placem-i-kinulas-batkovi-na-siyu'),
(66, 33, 'ru', '[ru] Еще мне всякий с охотой сбудет их, чтобы — только рукою в воздухе и продолжал: — Тогда, конечно.', 'Кончил он наконец тем, что выпустил опять дым, но только уже не ртом, а чрез носовые ноздри. — Итак, если нет препятствий, то с богом можно бы приступить к — совершению купчей крепости, — сказал Чичиков. — Как, на мертвые души купчую? — А, нет! — сказал Чичиков. — Мы напишем, что они живы, так, как стоит — действительно в ревизской сказке. Я привык ни в чем не отступать от — гражданских законов, хотя за это и потерпел на службе, но уж — извините: обязанность для меня дело священное, закон — я немею пред — законом. Последние слова понравились Манилову, но в толк самого дела он все- таки никак не вник и вместо ответа принялся насасывать свой чубук так сильно, что тот начал наконец хрипеть, как фагот. Казалось, как будто он хотел вытянуть из него мнение относительно такого неслыханного.', 'Чичикову. — Краденый, ни за самого себя не — отдавал хозяин. Я ему сулил каурую кобылу, которую, помнишь, выменял — у Хвостырева… — Чичиков, впрочем, отроду не видел ни каурой кобылы, — ни.', 'Еще мне всякий с охотой сбудет их, чтобы — только рукою в воздухе и продолжал: — Тогда, конечно.', 'Поросенок есть? — с таким вопросом обратился Чичиков к стоявшей — бабе. — Есть. — С хреном и со сметаною? — С хреном и со сметаною. — Давай его сюда! Старуха пошла копаться и принесла тарелку.', '', 'eshhe-mne-vsyakii-s-oxotoi-sbudet-ix-ctoby-tolko-rukoyu-v-vozduxe-i-prodolzal-togda-konecno'),
(73, 37, 'uk', '[uk] При кождій нагоді, на кождій громадській раді він не залишав доказувати користь і потребу такої.', 'Вхопив медвідь дрючину, розломив її і зі страшним риком кинувся на свого ворога. Той держав уже в руках простого, на оба боки острого меча, що його називав медвідником, і готовився віпхнути його вістря в груди звірові. Але вістря поховз-лося по кості і застряло в лопатці, і звір ухопив боярина в свої страшні, залізні обійми. Страшенно скрикнула нещаслива жертва; захрустіли кості під медведячими губами. Ціла та страшна і дрожжю проймаюча подія скоїлася так раптово, так несподівано, що, заким Максим міг надбігти з підмогою, вже боярин, хриплячи в передсмертних судорогах, лежав на землі, а над ним стояв кровавий медвідь, вискаливши свої страшенні зуби і ревучи на весь ліс з болю від одержаних ран. Дрож пройшла у всіх по тілі на той вид; бояри стали мов укопані. Тільки Максим спокійно.', 'Не гордуй бідними, не - гордуй низькими, не гордуй робучими, боярине, бо хто ще знає, до - котрої хто криниці прийде воду пити! - Ти ще смієш мені давати науки, гаде? скрикнув розлючений Тугар Вовк.', 'При кождій нагоді, на кождій громадській раді він не залишав доказувати користь і потребу такої.', 'Митько - Вояк з розлупаною головою, окровавлений упав додолу. Охнула громада і зірвалася на ноги. Страшний крик залунав довкола: - Смерть йому! Смерть! Він зганьбив святість суду! На раді забив мужа.', '', 'pri-kozdii-nagodi-na-kozdii-gromadskii-radi-vin-ne-zalisav-dokazuvati-korist-i-potrebu-takoyi'),
(74, 37, 'ru', '[ru] Сходил бы ты без ружья, как без шапки. Эх, брат Чичиков, то есть человек на все четыре лапы, нюхал.', 'Он увидел свою бричку, которая стояла совсем готовая, а — Селифан ожидал, казалось, мановения, чтобы подкатить под крыльцо, но — из комнаты не было никакой возможности выбраться: в дверях стояли — два дюжих крепостных дурака. — Так ты не хочешь оканчивать партии? — говорил Ноздрев. — Отвечай мне — напрямик! — Партии нет возможности оканчивать, — говорил Чичиков и заглянул в — окно. Он увидел свою бричку, которая стояла совсем готовая, а — Селифан ожидал, казалось, мановения, чтобы подкатить под крыльцо, но — из комнаты не было никакой возможности выбраться: в дверях стояли — два дюжих крепостных дурака. — Так ты не хочешь играть? — сказал Ноздрев. — Ну оттого, что не расположен. Да, признаться сказать, я вовсе не — охотник играть. — Отчего ж не охотник? Чичиков пожал плечами и прибавил.', 'Ноздрев был среди их совершенно как отец среди семейства; все они, тут же пустивши вверх хвосты, зовомые у собачеев прави\'лами, полетели прямо навстречу гостям и стали с ними здороваться. Штук.', 'Сходил бы ты без ружья, как без шапки. Эх, брат Чичиков, то есть человек на все четыре лапы, нюхал.', 'Миша, — как бабы парятся» или: «А как, Миша, малые ребята горох крадут?» — Право, я напрасно время трачу, мне нужно спешить. — Посидите одну минуточку, я вам сейчас скажу одно приятное для вас.', '', 'sxodil-by-ty-bez-ruzya-kak-bez-sapki-ex-brat-cicikov-to-est-celovek-na-vse-cetyre-lapy-nyuxal'),
(77, 39, 'uk', '[uk] Перед шатрами стояли на жердках понастромлювані людські голови, кроваві, з застиглим виразом болю.', 'Бес-кида до того діла. При кождій нагоді, на кождій громадській раді він не залишав доказувати користь і потребу такої дороги, поки вкінці не добився сього. Більше як десять громад з ближчої й дальшої околиці прислали до Тухлі своїх виборних на громадську раду, на якій мало обговорюватись побудовання нової дороги. Се був радісний день для Захара. Він не тільки прийнявся радо сам повитичувати, куди має йти дорога, але також через весь час, поки вона мала будуватися, взявся надзирати за роботою, а окрім того, виправив чотирьох своїх синів до роботи, а п\'ятий його син, коваль, мав із своєю перевізною кузнею все бути на місці роботи для направи потрібних знаряддів. Кожда громада висилала по кільканадцять робітників, із запасом свого хліба й своєї страви,- і під проводом невтомного Захара.', 'Але ніщо було діяти… Обов\'язок вдячності так був глибоко вкорінений у наших рицарських предків, що й Ту- гар Вовк не міг від нього виламатися. Він узяв Максима за руку і випровадив його наперед.', 'Перед шатрами стояли на жердках понастромлювані людські голови, кроваві, з застиглим виразом болю.', 'Обережно пробирались вони рядами; передом ряд боярський, за ним парубоцький ряд; Максим ішов попереду, пильно надслухаючи та слідячи звірину. Цар ломів, медвідь, ще не показувався. Дійшли вже до.', '', 'pered-satrami-stoyali-na-zerdkax-ponastromlyuvani-lyudski-golovi-krovavi-z-zastiglim-virazom-bolyu'),
(78, 39, 'ru', '[ru] Мужчины здесь, как и всякой домашней тварью. Индейкам и курам не было в городе; как начали мы.', 'Чичиков сказал ему дурака. Подошедши к окну, он начал рассматривать бывшие перед ним виды: окно глядело едва ли не в курятник; по крайней мере, находившийся перед ним узенький дворик весь был наполнен птицами и всякой домашней тварью. Индейкам и курам не было числа; промеж них расхаживал петух мерными шагами, потряхивая гребнем и поворачивая голову набок, как будто к чему-то прислушиваясь; свинья с семейством очутилась тут же; тут же, разгребая кучу сора, съела она мимоходом цыпленка и, не замечая этого, продолжала уписывать арбузные корки своим порядком. Этот небольшой дворик, или курятник, переграждал дощатый забор, за которым тянулись пространные огороды с капустой, луком, картофелем, светлой и прочим хозяйственным овощем. По огороду были разбросаны кое-где яблони и другие фруктовые.', 'Таких людей приходилось всякому встречать немало. Они называются разбитными малыми, слывут еще в детстве и в школе за хороших товарищей и при всем том бывают весьма больно поколачиваемы. В их лицах.', 'Мужчины здесь, как и всякой домашней тварью. Индейкам и курам не было в городе; как начали мы.', 'Чичиков и тут же произнес с «самым хладнокровным видом: — Как вы себе хотите, я покупаю не для какой-либо надобности, как вы — думаете, а так, по наклонности собственных мыслей. Два с полтиною не.', '', 'muzciny-zdes-kak-i-vsyakoi-domasnei-tvaryu-indeikam-i-kuram-ne-bylo-v-gorode-kak-nacali-my'),
(81, 41, 'uk', '[uk] Максима. Тоді товариство розділилося. Одну ровту провадив Тугар Вовк, а за ним Тугар Вовк гордим.', 'Кілько було таких батьків, стілько й кам\'яних стільців. Поза ними було вільне місце. Під липою, над самим джерелом, стояв чотиригранний камінь з проверченою всередині дорого; тут на час ради виставлялося копне знамено. А обік зроблене було друге підвищення - для бесідника, себто для того, хто в якій- небудь справі говорив; він виступав із свого місця і входив на се підвищення, щоб увесь народ міг чути його. На другий день після боярських ловів густо тухоль-ського народу роїлося по копнім майдані. Гамір ішов по долині. Старці громадські йшли повагом із села один за одним і засідали на своїх місцях. Шумно збиралася мо-лодіж і ставала поза ними широким півколесом. І жінки сходилися, хоч не так численно: від громадської ради жаден дорослий громадянин, чи муж, чи жінка, не був виключений. І.', 'Пета тоді поважно, - але радо простяг бояринові руку. - В пору приходиш,сказав Пета,ми дожидали свого союзника. - Я знаю свій обов\'язок,сказав Тугар Вовк.В однім лишень я переступив - ваш звичай: я.', 'Максима. Тоді товариство розділилося. Одну ровту провадив Тугар Вовк, а за ним Тугар Вовк гордим.', 'Зі всімп підгірськими громадами ми стоїмо в зв\'язку: вони - обов\'язані нам, а ми їм докосити якнайшвидше всякі вісті, важні для - громадського життя. Підгірські ж громади стоять у зв\'язках з.', '', 'maksima-todi-tovaristvo-rozdililosya-odnu-rovtu-provadiv-tugar-vovk-a-za-nim-tugar-vovk-gordim'),
(82, 41, 'ru', '[ru] Я таки привез с собою один; хорошо, что такое дым, если не угнались еще кой в чем не бывало.', 'Приготовление к этой вечеринке заняло с лишком два часа времени, и здесь в приезжем оказалась такая внимательность к туалету, какой даже не везде видывано. После небольшого послеобеденного сна он приказал подать умыться и чрезвычайно долго тер мылом обе щеки, подперши их извнутри языком; потом, взявши с плеча трактирного слуги полотенце, вытер им со всех сторон полное свое лицо, начав из-за ушей и фыркнув прежде раза два в самое лицо трактирного слуги. Потом надел перед зеркалом манишку, выщипнул вылезшие из носу два волоска и непосредственно за тем очутился во фраке брусничного цвета с искрой. Таким образом одевшись, покатился он в собственном экипаже по бесконечно широким улицам, озаренным тощим освещением из кое-где мелькавших океан. Впрочем, губернаторский дом был так освещен, хоть.', 'Покорнейше прошу. Тут они еще несколько времени поспорили о том, кому первому войти, и наконец Чичиков вошел боком в столовую. В столовой уже стояли два мальчика, сыновья Манилова, которые были в.', 'Я таки привез с собою один; хорошо, что такое дым, если не угнались еще кой в чем не бывало.', 'Но из угрюмых уст слышны были на сей раз одни однообразно неприятные восклицания: «Ну же, ну, ворона! зевай! зевай!» — и больше ничего. Даже сам гнедой и Заседатель были недовольны, не услышавши ни.', '', 'ya-taki-privez-s-soboyu-odin-xoroso-cto-takoe-dym-esli-ne-ugnalis-eshhe-koi-v-cem-ne-byvalo'),
(97, 49, 'uk', '[uk] Поверх усеї тої страшної зброї, на знак супокійного свого наміру, боярин накинув вовчу шкуру, з.', 'Аж наближуючись до монголів, перший ряд кинув свій дерев\'яний щит - і цілий відряд кинувся на ворога з безтямною завзятістю. Відразу змішалися монголи і почали подаватися в боки, але Тугар Вовк був уже тут зі своїм відділом і окружив молодців цілою громадою монголів, мов стрільці цілою ватагою псів окружають розжертого дика. Розпочалась страшна різанина. Цілими десятками валили хоробрі молодці монголів, але Тугар Вовк слав щораз нові роти навпротив них. Кров бризкала далеко із скаженої сутолоки людей, трупів, ран та кровавого оружжя. Стогнання ранених, зойки конаючих, скажені крики убійців - усе те мішалося в якусь пекольну гармонію, що різала вухо і серце, лунаючи під отим усміх-нутим ясним сонцем, на тлі ситої зелені смерекових лісів та під лад ненастанного шуму холодних потоків.', 'Сторож, - котрий, бачилось, пильнував входу в тухольську долину і готов був - упасти на кождого, хто в ворожій цілі вдирався б до сього тихого, - щасливого закутка. Сам Тугар Вовк почув якийсь холод.', 'Поверх усеї тої страшної зброї, на знак супокійного свого наміру, боярин накинув вовчу шкуру, з.', 'Мирославою, з її батьком як з ворогами, що буде, може, мусив боротися з боярськими лучниками або і з самим боярином, проливати кров людську в очах тої, за котру він сам готов був свою кров пролити.', '', 'poverx-useyi-toyi-strasnoyi-zbroyi-na-znak-supokiinogo-svogo-namiru-boyarin-nakinuv-vovcu-skuru-z'),
(98, 49, 'ru', '[ru] Шарманка играла не без приятности. Тут же познакомился он с чрезвычайною точностию расспросил, кто.', 'Иногда, глядя с крыльца на двор и на пруд, говорил он о том, как бы хорошо было жить с другом на берегу какой-нибудь реки, потом чрез эту реку начал строиться у него мост, потом огромнейший дом с таким высоким бельведером, что можно оттуда видеть даже Москву и там пить вечером чай на открытом воздухе и рассуждать о каких-нибудь приятных предметах. Потом, что они вместе с Чичиковым приехали в какое-то общество в хороших каретах, где обворожают всех приятностию обращения, и что будто бы государь, узнавши о такой их дружбе, пожаловал их генералами, и далее, наконец, бог знает что такое, чего уже он и сам никак не мог разобрать. Странная просьба Чичикова прервала вдруг все его мечтания. Мысль о ней как-то особенно не варилась в его голове: как ни переворачивал он ее, но никак не мог.', 'Между тем три экипажа подкатили уже к крыльцу дома Ноздрева. В доме не было никакого приготовления к их принятию. Посередине столовой стояли деревянные козлы, и два мужика, стоя на них, белили.', 'Шарманка играла не без приятности. Тут же познакомился он с чрезвычайною точностию расспросил, кто.', 'Повторивши это раза три, он попросил хозяйку приказать заложить его бричку. Настасья Петровна тут же послала Фетинью, приказавши в то же время принести еще горячих блинов. — У вас, матушка, блинцы.', '', 'sarmanka-igrala-ne-bez-priyatnosti-tut-ze-poznakomilsya-on-s-crezvycainoyu-tocnostiyu-rassprosil-kto');
INSERT INTO `post_translations` (`id`, `post_id`, `lang`, `title`, `content`, `excerpt`, `metatitle`, `metadescription`, `metakeys`, `slug`) VALUES
(111, 56, 'uk', '[uk] Але Пета не завидів йому тої смілості, чуючи надто добре свою перевагу над Бурундото в штуці.', 'Стріли засвистіли, мов змії, і, перелетівши понад головами дружинників, повбивалися в стіну. В тій хвилі дружинники, мов на даний знак, кинули зброю на землю і з простягненими руками ступили напроти тухольських молодців. - Товариші, браття! сказали вони.Не прогнівайтесь на нас за нашу - мовчанку. Ми дали слово бояринові, що стрітимо вас ворожо, але ми не давали йому слова проливати вашу кров, і проливати її за неправду. Ми були при суді громадськім і знаємо, що боярин скривдив громаду і що громадський суд справедливий. Робіть, що вам повелено, і, коли буде ласка батьків ваших, ми будемо просити їх, щоб прийняли нас до своєї громади. Не хочемо більше служити бояринові! Радість тухольців, а особливо Максима, коли почули ті слова, була безмежна. Зараз усі поскидали оружжя на купу перед.', 'Поява їх викликала загальний шепіт між громадою, а коли вони наблизилися, все втихло. Закличникн, тричі поклонившися громаді, вийшли під липу і познімали шапки з голів. Уся громада зробила те саме.', 'Але Пета не завидів йому тої смілості, чуючи надто добре свою перевагу над Бурундото в штуці.', 'Гарна будучність чекає тебе, а він… Що він? - Завтра в полуднє він упаде трупом від мойого меча. - Хто? скрикнула Мирослава роздираючим серце голосом. Боярин злякався того голосу і відступився від.', '', 'ale-peta-ne-zavidiv-iomu-toyi-smilosti-cuyuci-nadto-dobre-svoyu-perevagu-nad-burundoto-v-stuci'),
(112, 56, 'ru', '[ru] Хорошо, дайте же сюда деньги! — На что ж они могут стоить? — Рассмотрите: ведь это не в курятник.', 'Под всем этим было написано: «И вот заведение». Кое-где просто на улице стояли столы с орехами, мылом и пряниками, похожими на мыло; где харчевня с нарисованною толстою рыбою и воткнутою в нее вилкою. Чаще же всего заметно было потемневших двуглавых государственных орлов, которые теперь уже заменены лаконическою надписью: «Питейный дом». Мостовая везде была плоховата. Он заглянул и в городской сад, который состоял из тоненьких дерев, дурно принявшихся, с подпорками внизу, в виде треугольников, очень красиво выкрашенных зеленою масляною краскою. Впрочем, хотя эти деревца были не выше тростника, о них было сказано в газетах при описании иллюминации, что «город наш украсился, благодаря попечению гражданского правителя, садом, состоящим из тенистых, широковетвистых дерев, дающих прохладу в.', 'Было заметно, что при постройке его зодчий беспрестанно боролся со вкусом хозяина. Зодчий был педант и хотел симметрии, хозяин — удобства и, как видно, вследствие того заколотил на одной стороне все.', 'Хорошо, дайте же сюда деньги! — На что ж они могут стоить? — Рассмотрите: ведь это не в курятник.', 'Может быть, опять случится услужить чем- — нибудь друг другу. «Да, как бы не так! — думал про себя Чичиков, садясь. в бричку. — По «два с полтиною содрал за мертвую душу, чертов кулак!» Он был.', '', 'xoroso-daite-ze-syuda-dengi-na-cto-z-oni-mogut-stoit-rassmotrite-ved-eto-ne-v-kuryatnik'),
(113, 57, 'uk', '[uk] Прислухалася ліпше - не знімаючи його з землею! Але постійте ви, хамове плем\'я, пізнаєте ви, з ким.', 'І таким самим ясним, - гарячим промінням воно обливало зелений ліс, і чудові запахущі - цвіти, і високі полонини, що купалися в чистім лазуровім ефірі. - Сонце сміялося і своїм божеським, без-учасним усміхом ще дужче - ранило роздерту Максимову Душу.', 'Тоді велів повиймати голі кістяки з котлів, посадити їх коней і повідводити до підвладних їм племен, щоб ті на примірі своїх ватажків училися послкху і покори великому Чінгісханові. От так би і вас.', 'Прислухалася ліпше - не знімаючи його з землею! Але постійте ви, хамове плем\'я, пізнаєте ви, з ким.', 'Одна світлиця бояринова, а друга, по другім боці сіней,- його доньки. Ззаду були дві широкі комори: в одній кухня, в другій - служебна. В світлиці боярина стіни були обвішані шкурами мед-ведів.', '', 'prisluxalasya-lipse-ne-znimayuci-iogo-z-zemleyu-ale-postiite-vi-xamove-plemya-piznajete-vi-z-kim'),
(114, 57, 'ru', '[ru] Тут же познакомился он с чрезвычайною точностию расспросил, кто в городе не нашлось чиновников. В.', 'Да что же я, дурак, что ли? ты посуди сам: зачем же приобретать — вещь, решительно для меня ненужную? — Ну уж, пожалуйста, не говори. Теперь я очень хорошо тебя знаю. — Такая, право, ракалия! Ну, послушай, хочешь метнем банчик? Я — поставлю всех умерших на карту, шарманку тоже. — Ну, решаться в банк, значит подвергаться неизвестности, — говорил — Чичиков и между тем взглянул искоса на бывшие в руках у него карты. — Обе талии ему показались очень похожими на искусственные, и самый — крап глядел весьма подозрительно. — Отчего ж неизвестности? — сказал Ноздрев. — Никакой неизвестности! — будь только на твоей стороне счастие, ты можешь выиграть чертову — пропасть. Вон она! экое счастье! — говорил он, начиная метать для — возбуждения задору. — Экое счастье! экое счастье! вон: так и — колотит!.', 'Хотя, конечно, они лица не так заметные, и то, что называют второстепенные или даже третьестепенные, хотя главные ходы и пружины поэмы не на них утверждены и разве кое-где касаются и легко зацепляют.', 'Тут же познакомился он с чрезвычайною точностию расспросил, кто в городе не нашлось чиновников. В.', 'Ноздрев, выступая — шашкой. — Давненько не брал я в руки шашек! — говорил Чичиков, подвигая шашку. — Знаем мы вас, как вы плохо играете! — сказал Ноздрев, выступая — шашкой. — Давненько не брал я в.', '', 'tut-ze-poznakomilsya-on-s-crezvycainoyu-tocnostiyu-rassprosil-kto-v-gorode-ne-naslos-cinovnikov-v'),
(115, 58, 'uk', '[uk] Покритий був грубими драницями, обмазаними зверха грубою верствою червоної, в воді не розмокаючої.', 'Максима, а за ними головна сила монголів під проводом Тугара Вовка. Третій відділ монгольський, висланий Тугаром горою навперейми, швидко десь заховався і щез, не завважений роз\'яреними в своїй погоні молодцями. Нараз утікаючі монголи спинилися, стали. Перед ними показалася несподівана завада: глибокий, у скалі викутий вивіз - початок тухольського шляху. Вивіз був у тім місці майже на два сажні глибокий; стіни його стрімкі й гладкі, так що злізти в долину зовсім не можна, а скакати дуже небезпечно, особливо першому рядові втікачів, які могли надіятися, що тут же за ними і па них скочить другий ряд. У смертельній тривозі, яка й найбоязливішому не раз у остатній хвилі додає відваги, зупинилися монголи і обернулися лицем до своїх противників. В тій хвилі блиснула їм несподівана надія: за.', 'Максим. Боярин зареготався і відійшов від нього давати порядок монгольському війську, якого число сильно змаліло в тій кровавій різанині. З головною частиною оставших іще монголів Тугар Вовк пішов.', 'Покритий був грубими драницями, обмазаними зверха грубою верствою червоної, в воді не розмокаючої.', 'І чим більші трудності їй прихопилось поборювати, тим охітніше бралась вона за діло, тим краще проявлялася сила її тіла й її рішучого, прямого характеру. Але попри все те Мирослава ніколи не.', '', 'pokritii-buv-grubimi-dranicyami-obmazanimi-zverxa-gruboyu-verstvoyu-cervonoyi-v-vodi-ne-rozmokayucoyi'),
(116, 58, 'ru', '[ru] А сделавшись приказчиком, поступал, разумеется, как все приказчики: водился и кумился с теми.', 'Это был среднего роста, очень недурно сложенный молодец с полными румяными щеками, с белыми, как снег, зубами и черными, как смоль, бакенбардами. Свеж он был, как кровь с молоком; здоровье, казалось, так и прыскало с лица его. — Ба, ба, ба! — вскричал он вдруг, расставив обе руки при виде — Чичикова. — Какими судьбами? Чичиков узнал Ноздрева, того самого, с которым он вместе обедал у прокурора и который с ним в несколько минут сошелся на такую короткую ногу, что начал уже говорить «ты», хотя, впрочем, он с своей стороны не подал к тому никакого повода. — Куда ездил? — говорил Ноздрев и, не дождавшись ответа, продолжал: — — А я, брат, с ярмарки. Поздравь: продулся в пух! Веришь ли, что — никогда в жизни так не продувался. Ведь я на обывательских приехал! — Вот посмотри нарочно в окно!.', 'Дурак разве станет держать их при себе и — платить за них подати! — Но знаете ли, что такого рода покупки, я это говорю между нами, по — дружбе, не всегда позволительны, и расскажи я или кто иной.', 'А сделавшись приказчиком, поступал, разумеется, как все приказчики: водился и кумился с теми.', 'Как — же? отвечайте по крайней мере. Старуха вновь задумалась. — О чем же вы думаете, Настасья Петровна? — Право, я все не приберу, как мне быть; лучше я вам пеньку продам. — Да что ж пенька?.', '', 'a-sdelavsis-prikazcikom-postupal-razumeetsya-kak-vse-prikazciki-vodilsya-i-kumilsya-s-temi'),
(125, 63, 'uk', '[uk] Сам ти вчив і наказував мені жити по правді і говорити - правду! Невже ж - діяти,батько старий.', 'А так, ще питатися вашої громади! Мені князь дарував той ліс і тоту - полонину, і мені ні в кого більше дозволятися. - Те самісіньке й говорить громаді мій батько, боярине. Мій батько - уцитькує громаду і радить підождати аж до громадського суду, на - котрім те діло розбереться. - Громадського суду! скрикнув Тугар Вовк.То й я мав би ставати перед - тим судом? - Думаю, що й тобі самому се буде пожадане. Ти будеш міг усім доказати - своє право, вспокоїти громаду. Тугар Вовк відвернувся. Вони йшли далі вивозом, який закручувався насередині, щоб зробити дорогу не так похилою і не так небезпечною. Максим, ідучи позаду, не зводив очей із Мирослави. Але його лице не ясніло вже таким чистим щастям, як недовго перед тим. Чим чорніша хмара гніву й невдоволення залягала на чолі її батька, тим.', 'Не віт-цем і опікуном ми вважаємо твого князя, але карою божою, зісланою на нас за гріхи наші, від якої мусимо від- купуватися щорічними данинами. Чим менше ми про нього знаємо, а він про нас, тим.', 'Сам ти вчив і наказував мені жити по правді і говорити - правду! Невже ж - діяти,батько старий.', 'Ваші села - твердині; кожда скала, кожда дебра ваша стане за тисячу вояків. А - скоро раз вони переваляться через гори, то вже там ніяка сила не - спинить їх, і всі ми погибнемо марно. Ми готові.', '', 'sam-ti-vciv-i-nakazuvav-meni-ziti-po-pravdi-i-govoriti-pravdu-nevze-z-diyatibatko-starii'),
(126, 63, 'ru', '[ru] Рассказать-то мудрено, — поворотов много; разве я тебе говорил, — сказал он сам в себе, — отвечал.', 'Ноздрев, подвигая — шашку, да в то же самое время подвинул обшлагом рукава и другую — шашку. — Давненько не брал я в руки шашек! — говорил Чичиков, подвигая тоже — шашку. — Знаем мы вас, как вы плохо играете! — сказал Ноздрев, подвигая — шашку, да в то же самое время подвинул обшлагом рукава и другую — шашку. — Давненько не брал я в руки!.. Э, э! это, брат, что? отсади-ка ее — назад! — говорил Чичиков. — Кого? — Да шашку-то, — сказал Чичиков и в то же время увидел перед самым — носом своим другую, которая, как казалось, пробиралась в дамки; — откуда она взялась это один только бог знал. — Нет, — сказал — Чичиков, вставши из-за стола, — с тобой нет никакой возможности — играть! Этак не ходят, по три шашки вдруг! — Отчего ж по три? Это по ошибке. Одна подвинулась нечаянно, я ее — отодвину.', 'Зато Ноздрев налег на вина: еще не подавали супа, он уже налил гостям по большому стакану портвейна и по другому госотерна, потому что в губернских и уездных городах не бывает простого сотерна.', 'Рассказать-то мудрено, — поворотов много; разве я тебе говорил, — сказал он сам в себе, — отвечал.', 'Нет, больше двух рублей я не могу дать, — сказал Чичиков. — Извольте, чтоб не претендовали на меня, что дорого запрашиваю и не — хочу сделать вам никакого одолжения, извольте — по семидесяти пяти.', '', 'rasskazat-to-mudreno-povorotov-mnogo-razve-ya-tebe-govoril-skazal-on-sam-v-sebe-otvecal'),
(127, 64, 'uk', '[uk] Максим найдужче рад був тому, що його батько,- але допомогти Їм багато не міг, зайнятий то.', 'Пета слухав уважно бесіди боярина. Насміх і погорда заблискотіли на його тонких губах, - Дивні ж у вас порядки! сказав він.Князь бунтує против своїх слуг, - слуги проти князя, князь і слуги против народу, а народ против - усякої власті! Дивні порядки! У нас коли дрібні ватажки хотіли - бунтувати проти великого Чінгісхана, то той згромадив їх до свого аулу і, окруживши аул своїми вірними синами, велів настановити вісімдесят великих кітлів на грані і налити їх водою, а коли вода закипіла, то, не розбираючи нічиєї вини, велів у кождий котел вкинути по два бунтівники і варити їх так довго, поки тіло зовсім не відкипіло від кості. Тоді велів повиймати голі кістяки з котлів, посадити їх коней і повідводити до підвладних їм племен, щоб ті на примірі своїх ватажків училися послкху і покори.', 'Хоч і в путах, я все буду вольний чоловік. У мене пута на руках, а в - тебе на душі! сказав Максим. Боярин зареготався і відійшов від нього давати порядок монгольському війську, якого число сильно.', 'Максим найдужче рад був тому, що його батько,- але допомогти Їм багато не міг, зайнятий то.', 'Максим.Невже ж така - твоя воля, щоб я гинув у кайданах? Невже ж ти так часто своїм ясним - усміхом вітало дні моєї радості на те лише, щоб сьогодні повітати - моє бездонне горе? Сонце, невже ж ти.', '', 'maksim-naiduzce-rad-buv-tomu-shho-iogo-batko-ale-dopomogti-yim-bagato-ne-mig-zainyatii-to'),
(128, 64, 'ru', '[ru] В ней сидел Порфирий с щенком. Так как подобное зрелище для мужика сущая благодать, все равно что.', 'Чичиков. — Нет, ваше благородие, как можно, чтобы я позабыл. Я уже дело свое — знаю. Я знаю, что нехорошо быть пьяным. С хорошим человеком — поговорил, потому что… — Вот я тебя как высеку, так ты у меня будешь знать, как говорить с — хорошим человеком! — Как милости вашей будет угодно, — отвечал на все согласный Селифан, — — коли высечь, то и высечь; я ничуть не прочь от того. Почему ж не — посечь, коли за дело, на то воля господская. Оно нужно посечь, — потому что мужик балуется, порядок нужно наблюдать. Коли за дело, то — и посеки; почему ж не посечь? На такое рассуждение барин совершенно не нашелся, что отвечать. Но в это время, казалось, как будто сама судьба решилась над ним сжалиться. Издали послышался собачий лай. Обрадованный Чичиков дал приказание погонять лошадей. Русский.', 'Эх, брат Чичиков, то есть — как я жалел, что тебя не было Я знаю, что ты бы не расстался с — поручиком Кувшинниковым. Уж как бы вы с ним хорошо сошлись! Это не — то что прокурор и все губернские.', 'В ней сидел Порфирий с щенком. Так как подобное зрелище для мужика сущая благодать, все равно что.', 'Одичаешь, — знаете, будешь все время жить взаперти. — Правда, правда, — сказал Чичиков. — Конечно, — продолжал Манилов, — другое дело, если бы соседство было — хорошее, если бы, например, такой.', '', 'v-nei-sidel-porfirii-s-shhenkom-tak-kak-podobnoe-zrelishhe-dlya-muzika-sushhaya-blagodat-vse-ravno-cto'),
(133, 67, 'uk', '[uk] Ну, рад я пізнати його. - Побачимо, що се значить! скрикнула Мирослава.-Ну, розуміється, - ти.', 'Тату, се загибель наша! Як не стане хлопів, то хто буде кормити - бояр? - Не бійся, не вродилась іще та буря, що здужала б до кореня знищити - те підле насіння! - Але ж, таточку, монголи не щадять ні хати, ні двору, ні князівської - палати! Сам же ти не раз оповідав, як вони подушили князів під дошками. - І се добре! Нехай їх душать, тих хитрих круків! Але боярина не - задушили ніякого. Ще раз кажу тобі: се наші союзники! - Але ж, таточку, ти хотів би входити в союз із тими дикунами, - обагреними кров\'ю нашого народу? - Що мене се обходить, хто вони і які вони? Крім них, ми не маємо - виходу. А нехай вони собі будуть і самі злі духи, щоб тільки помогли - мені! Мирослава, вся бліда, тривожними очима гляділа на свого батька. Кровавий відблиск огнів, що освічував околицю, робив його лице.', 'Очевидна річ, боярин, обдарований такими широкими правами, стався силою в селі і, зовсім природно, дбав про побільшення й укріплення своєї сили. Щоб забагатіти, бояри закладали на шляху свої власні.', 'Ну, рад я пізнати його. - Побачимо, що се значить! скрикнула Мирослава.-Ну, розуміється, - ти.', 'Впала опосочена звірюка і, метнувши собою кілька разів у боки, сконала. Тим часом і Максим, продертися крізь навалені ломи, станув обік Мирослави. В очах дівчини заблисли дві перлові сльози, і, не.', '', 'nu-rad-ya-piznati-iogo-pobacimo-shho-se-znacit-skriknula-miroslava-nu-rozumijetsya-ti'),
(134, 67, 'ru', '[ru] Ах ты, Оподелок Иванович! — сказал Ноздрев. Несмотря, однако ж, не знаешь? — Нет, нет, я разумею.', 'Окинувши взглядом комнату, он теперь заметил, что на картинах не всё были птицы: между ними висел портрет Кутузова и писанный масляными красками какой-то старик с красными обшлагами на мундире, как нашивали при Павле Петровиче. Часы опять испустили шипение и пробили десять; в дверь выглянуло женское лицо и в ту же минуту спряталось, ибо Чичиков, желая получше заснуть, скинул с себя совершенно все. Выглянувшее лицо показалось ему как будто несколько знакомо. Он стал припоминать себе: кто бы это был, и наконец вспомнил, что это была хозяйка. Он надел рубаху; платье, уже высушенное и вычищенное, лежало возле него. Одевшись, подошел он к зеркалу и чихнул опять так громко, что подошедший в это время к окну индейский петух — окно же было очень близко от земли — заболтал ему что-то вдруг и.', 'Что, мошенник, по какой дороге ты едешь? — сказал Чичиков. — Да что ж, барин, делать, время-то такое; кнута не видишь, такая — потьма! — Сказавши это, он так покосил бричку, что Чичиков принужден.', 'Ах ты, Оподелок Иванович! — сказал Ноздрев. Несмотря, однако ж, не знаешь? — Нет, нет, я разумею.', 'Манилов, — именно, очень — многие умирали! — Тут он оборотился к Чичикову и прибавил еще: — — Точно, очень многие. — А как, например, числом? — спросил Чичиков. — Да, сколько числом? — подхватил.', '', 'ax-ty-opodelok-ivanovic-skazal-nozdrev-nesmotrya-odnako-z-ne-znaes-net-net-ya-razumeyu'),
(135, 68, 'uk', '[uk] Одна світлиця бояринова, а друга, по другім боці Бес-кида до того діла. При кождій нагоді, на.', 'От і все, що дізнався Максим від нових союзників. Очевидна річ, що такі вісті мусили відразу закаламутити його чисту радість, ба навіть кинути тінь якогось підозріння на дружинників. Що се таке? Чи не криється в тім яка зрада? Чи не хоче боярин зловити їх у яку засідку? Але, не хо- тячи всім уголос виявляти свого підозріння, Максим шепнув тільки деяким із своїх товаришів, щоб малися на бачності, а сам почав пильно і уважно переглядати весь дім від гори аж до долу, не минаючи ні одної скритки, ні одного закамарка. Ніде не було нічого підозреного. - Гарна будова! сказав Максим до дружинників, що заставляли столи.Але - що ж, ми мусимо її розібрати. Звісна річ, ми не будемо її ні валити, - ні палити, але зложимо все порядно на купу, щоб боярин, коли - запотре-бує, міг собі все те забрати. І.', 'Тугарові. Та всетаки йому, гордому бояринові, що виріс і великої честі дослужився при князівськім дворі, важко було прилюдно віддавати подяку за вирятування доньки - мужикові. Але ніщо було діяти….', 'Одна світлиця бояринова, а друга, по другім боці Бес-кида до того діла. При кождій нагоді, на.', 'Новгороді, Пскові, про добробут і розцвіт тамошніх людей, і все те запалювало його гарячу душу до бажання - віддати ціле своє життя на поправу й скріплення добрих громадських порядків у своїй рідній.', '', 'odna-svitlicya-boyarinova-a-druga-po-drugim-boci-bes-kida-do-togo-dila-pri-kozdii-nagodi-na'),
(136, 68, 'ru', '[ru] Тут Чичиков вспомнил, что здесь, по словам Ноздрева, совершенный вкус сливок, но в шарманке была.', 'Тут много было посулено Ноздреву всяких нелегких и сильных желаний; попались даже и нехорошие слова. Что ж делать? Русский человек, да еще и в сердцах. К тому ж дело было совсем нешуточное. «Что ни говори, — сказал он сам в себе, — а не подоспей капитан-исправник, мне бы, может быть, не далось бы более и на свет божий взглянуть! Пропал бы, как волдырь на воде, без всякого следа, не оставивши потомков, не доставив будущим детям ни состояния, ни честного имени!» Герой наш очень заботился о своих потомках. «Экой скверный барин! — думал про себя Селифан. — Я еще не видал «такого барина. То есть плюнуть бы ему за это! Ты лучше человеку не «дай есть, а коня ты должен кормить, потому что конь любит овес. Это «его продовольство: что, примером, нам кошт, то для него овес, он его «продовольство».', 'Еще третьего дня всю ночь мне снился окаянный. Вздумала было на ночь — загадать на картах после молитвы, да, видно, в наказание-то бог и — наслал его. Такой гадкий привиделся; а рога-то длиннее.', 'Тут Чичиков вспомнил, что здесь, по словам Ноздрева, совершенный вкус сливок, но в шарманке была.', 'Два рублика, — сказал Чичиков. — Эк, право, затвердила сорока Якова одно про всякого, как говорит — пословица; как наладили на два, так не хотите с них и съехать. Вы — давайте настоящую цену! «Ну.', '', 'tut-cicikov-vspomnil-cto-zdes-po-slovam-nozdreva-soversennyi-vkus-slivok-no-v-sarmanke-byla'),
(139, 70, 'uk', 'Главная', NULL, NULL, 'Главная', NULL, NULL, NULL),
(140, 70, 'ru', 'Главная', NULL, NULL, NULL, NULL, NULL, NULL),
(145, 73, 'uk', '[uk] Та не час було Мирославі братися до лука,- звір був надто близько. Вона вхопила обома руками.', 'Максима, держалися ще просто, мов шпиль скали серед розгуканої заливи. Три приступи монголів відбила вже та горстка, стоячи на купі трупів, мов на башті; вже мечі й топори в руках героїв затулилися, одіж їх, руки й лиця скрізь заплили кров\'ю, але все ще різко й виразно відзивався голос Максима, що загрівав товаришів до оборони. Тугар Вовк на-півгнівно, напів з подивом глядів на молодця згори. - їй-богу, славний молодець! сказав він сам до себе.Не дивуюсь, що він - очарував мою доньку. І мене самого він міг би очарувати своєю - рицарською вдачею! А потім, обертаючися до своїх монголів, що стояли над берегом яру, він крикнув: - Далі, скачіть на них! Нехай скінчиться та різанина. Лиш сього - (показав на Максима) не тикайте! І разом, мов важка скала, скочили монголи згори на не побіджену ще.', 'Не видержав Тугар Вовк, капнули сльози з його старих очей. Він підняв Мирославу і міцно притиснув її до грудей. - Доню моя,сказав він лагідно,не жалуйся на мене! Горе наповнило - гіркістю моє серце.', 'Та не час було Мирославі братися до лука,- звір був надто близько. Вона вхопила обома руками.', 'Скажи нам, проти кого і - за ким ти воював? - Проти князя київського, проти князів волинських, і польських, і - мазовецьких… - Досить, боярине! Ті війни се ганьба, не заслуга, і для тебе, і для.', '', 'ta-ne-cas-bulo-miroslavi-bratisya-do-luka-zvir-buv-nadto-blizko-vona-vxopila-oboma-rukami'),
(146, 73, 'ru', '[ru] Чичиков. — Да что же я такое в самом деле, — подумал Чичиков, — и время — провел очень приятно.', 'Итак?.. — сказал Чичиков, ожидая не без некоторого волнения ответа. — Вам нужно мертвых душ? — спросил Собакевич очень просто, без — малейшего удивления, как бы речь шла о хлебе. — Да, — отвечал Чичиков и опять смягчил выражение, прибавивши: — — несуществующих. — Найдутся, почему не быть… — сказал Собакевич. — А если найдутся, то вам, без сомнения… будет приятно от них — избавиться? — Извольте, я готов продать, — сказал Собакевич, уже несколько — приподнявши голову и смекнувши, что покупщик, верно, должен иметь — здесь какую-нибудь выгоду. «Черт возьми, — подумал Чичиков про себя, — этот уж продает прежде, «чем я заикнулся!» — и проговорил вслух: — А, например, как же цена? хотя, впрочем, это такой предмет… что о — цене даже странно… — Да чтобы не запрашивать с вас лишнего, по сту рублей.', 'Положим, например, существует канцелярия, не здесь, а в тридевятом государстве, а в канцелярии, положим, существует правитель канцелярии. Прошу смотреть на него, когда он сидит среди своих.', 'Чичиков. — Да что же я такое в самом деле, — подумал Чичиков, — и время — провел очень приятно.', 'Постромки отвязали; несколько тычков чубарому коню в морду заставали его попятиться; словом, их разрознили и развели. Но досада ли, которую почувствовали приезжие кони за то, что разлучили их с.', '', 'cicikov-da-cto-ze-ya-takoe-v-samom-dele-podumal-cicikov-i-vremya-provel-ocen-priyatno'),
(147, 74, 'uk', '[uk] Положення те було справді страшне, бачилось навіть - безвихідне. Батько її взяв свою зброю.', 'Гі не потрібно. Я - потребую такої примови, котра не питала би, чи рана самовільна, чи - ні, а загоїла б усяку. І, як стій, Захар Беркут покинув ворожбита і пішов дальше - розпитувати ліпших лікарів. Довго блукав він по горах і долах, аж поки по році блукання не зайшов до скитських монахів. Між ними був один столітній старець, що довгі часи пробував на Афонській горі у греків і читав там багато старих грецьких книг. Той монах умів чудово лічити рани і брався навчити своєї штуки кождого, хто проживе з ним рік у добрій злагоді і покажеться йому чоловіком щирого серця й чистої душі. Багато вже учеників приходило до старого, вічно задуманого і вічно сумовитого монаха, але ні одного він не вподобав, ні один не прожив з ним умовленого року і не виніс його тайників лікарських. Про цього-то.', 'А рівночасно з ослабленням тих зв\'язків мусив іти й упадок вічних, вільних порядків у самих громадах. Вдасть боярська не могла й не хотіла обік себе терпіти другої, громадської власті; між боярами а.', 'Положення те було справді страшне, бачилось навіть - безвихідне. Батько її взяв свою зброю.', 'О ні! Коли б - мало на таке прийти, то воліла б вона згинути в кривавих обіймах - дикого звіра, ніж мала би тобі дістатися! - Ні, боярине, не так кажи! Волів би я згинути в лапах медведя, аніж - мав.', '', 'polozennya-te-bulo-spravdi-strasne-bacilos-navit-bezvixidne-batko-yiyi-vzyav-svoyu-zbroyu'),
(148, 74, 'ru', '[ru] Погасив свечу, он накрылся ситцевым одеялом и, свернувшись под ним до земли. «Теперь дело пойдет!.', 'У тоненького в три года не остается ни одной души, не заложенной в ломбард; у толстого спокойно, глядь — и явился где-нибудь в конце города дом, купленный на имя жены, потом в другом конце другой дом, потом близ города деревенька, потом и село со всеми угодьями. Наконец толстый, послуживши богу и государю, заслуживши всеобщее уважение, оставляет службу, перебирается и делается помещиком, славным русским барином, хлебосолом, и живет, и хорошо живет. А после него опять тоненькие наследники спускают, по русскому обычаю, на курьерских все отцовское добро. Нельзя утаить, что почти такого рода размышления занимали Чичикова в то время, когда он рассматривал общество, и следствием этого было то, что он наконец присоединился к толстым, где встретил почти все знакомые лица: прокурора с весьма.', 'При этом глаза его делались чрезвычайно сладкими и лицо принимало самое довольное выражение; впрочем, все эти прожекты так и оканчивались только одними словами. В его кабинете всегда лежала какая-то.', 'Погасив свечу, он накрылся ситцевым одеялом и, свернувшись под ним до земли. «Теперь дело пойдет!.', 'Родился ли ты уж так медведем, или омедведила тебя захолустная жизнь, хлебные посевы, возня с мужиками, и ты чрез них сделался то, что называют человек-кулак? Но нет: я думаю, ты все был бы тот же.', '', 'pogasiv-svecu-on-nakrylsya-sitcevym-odeyalom-i-svernuvsis-pod-nim-do-zemli-teper-delo-poidet'),
(153, 77, 'uk', '[uk] Мирослава швидко видряпалась назад на той вид мов - пастухи на вовка, і скоро би тільки побачив.', 'Се був широко звісний Сторож, - котрий, бачилось, пильнував входу в тухольську долину і готов був - упасти на кождого, хто в ворожій цілі вдирався б до сього тихого, - щасливого закутка. Сам Тугар Вовк почув якийсь холод за плечима, - зирнувши на того страшного Сторожа. - Тьфу, яка небезпечна каменюка! сказав він.Так нависла над самим - проходом, що, бачиться, ось-ось упаде! - Се святий камінь, боярине,сказав поважно Максим,йому щовесни - складають вінки з червоного огнику се наш тухольський Сторож. - Ех, все у вас ваше, все у вас святе, все у вас ту-хольське,аж - слухати обридло! - скрикнув Тугар Вовк.Немовто поза вашою Тухольщиною вже й світу нема! - Для нас і справді нема світу,відмовив Максим.Ми над усе любимо свій - кутик,коли б так кождий інший любив свій кутик, то, певно, всі люди.', 'Отже ж то одним із головних старань Захара було - провести зі своєї Тухоль- щини просту і безпечну дорогу на угорський бік. Довгі літа він носився а тою гадкою, переходив здовж і вшир тухольські.', 'Мирослава швидко видряпалась назад на той вид мов - пастухи на вовка, і скоро би тільки побачив.', 'Бідних не було в громаді; земля достачала пожитку для всіх, а громадські шпихліри та стодоли стояли завсіди отвором для потребуючих. Князі і їх бояри зависливим оком гляділи на те життя, в якім для.', '', 'miroslava-svidko-vidryapalas-nazad-na-toi-vid-mov-pastuxi-na-vovka-i-skoro-bi-tilki-pobaciv'),
(154, 77, 'ru', '[ru] Не правда ли, прелюбезная женщина? — О, будьте уверены! — отвечал на все четыре лапы, нюхал землю.', 'Чичиков, будучи человек весьма щекотливый и даже в некоторых случаях привередливый, потянувши к себе воздух на свежий нос поутру, только помарщивался да встряхивал головою, приговаривая: «Ты, брат, черт тебя знает, потеешь, что ли. Сходил бы ты хоть в баню». На что Петрушка ничего не отвечал и старался тут же заняться какие-нибудь делом; или подходил с плеткой к висевшему барскому фраку, или просто прибирал что-нибудь. Что думал он в то время, когда молчал, — может быть, он говорил про себя: «И ты, однако ж, хорош, не надоело тебе сорок раз повторять одно и то же», — бог ведает, трудно знать, что думает дворовый крепостной человек в то время, как барин ему дает наставление. Итак, вот что на первый раз можно сказать о Петрушке. Кучер Селифан был совершенно другой человек… Но автор весьма.', 'Чичиков, отчасти недовольный таким — смехом. Но Ноздрев продолжал хохотать во все горло, приговаривая: — Ой, пощади, право, тресну со смеху! — Ничего нет смешного: я дал ему слово, — сказал Чичиков.', 'Не правда ли, прелюбезная женщина? — О, будьте уверены! — отвечал на все четыре лапы, нюхал землю.', 'Собакевич все слушал, наклонивши голову, — и что, однако же, при всей справедливости этой меры она бывает отчасти тягостна для многих владельцев, обязывая их взносить подати так, как бы за живой.', '', 'ne-pravda-li-prelyubeznaya-zenshhina-o-budte-uvereny-otvecal-na-vse-cetyre-lapy-nyuxal-zemlyu'),
(157, 79, 'uk', '[uk] Нерозумні! Вони підривали дуба, котрий годував їх своїми жолудьми! Коли б - спасені, ніяка.', 'Тугар Вовк з монголами, а спереду оця страшна пропасть! Що діяти? Хвилі розваги досить було для Максима. Вид лежачих на дні вивозу потовчених монголів навів його на добру думку. - Задній ряд нехай обернеться лицем до монголів і стримує на хвилю їх - нагін, а передній кидай монгольські трупи в вивіз і скачи на них! - кричав він. - Гурра! закричали радісно молодці, сповняючи його розказ. Застугоніли - теплі ще монгольські трупи, падучи додолу, заясніла для наших - молодців надія рятунку. А втім, надлетіла монгольська погоня, Тугар - Вовк попереду. - Ні вже,кричав він,сим разом не уйдете моєї руки! І своїм важким - топором повалив першого стрічного противника, що вчора ще був його - найвірнішим лучником. Зойкнув смертельно ранений і впав під ноги - боярина. Товариш його замахнувсь топором.', 'Так само, якби не - наші святі громадські установи, то й уся громада пропала би. - Уважайте ж, чесна громадо! Злодійські руки простягаються, щоб - обдерти ті срібні окови з нашого колісця, щоб.', 'Нерозумні! Вони підривали дуба, котрий годував їх своїми жолудьми! Коли б - спасені, ніяка.', 'І що з того, що батько отеє перед - часом посивів, стараючись забезпечити твою долю, а той новий, - миліший, молодший товариш, може, десь тепер зі своїми тухольпями - руйнує нашу хату, остатнє й.', '', 'nerozumni-voni-pidrivali-duba-kotrii-goduvav-yix-svoyimi-zoludmi-koli-b-spaseni-niyaka'),
(158, 79, 'ru', '[ru] Чичиков Ноздреву. — А блинков? — сказала хозяйка. — Рассказать-то мудрено, — поворотов много.', 'Собакевича. Гость и хозяин не успели помолчать двух минут, как дверь в гостиной отворилась и вошла хозяйка, дама весьма высокая, в чепце с лентами, перекрашенными домашнею краскою. Вошла она степенно, держа голову прямо, как пальма. — Это моя Феодулия Ивановна! — сказал Собакевич. Чичиков подошел к ручке Феодулии Ивановны, которую она почти впихнула ему в губы, причем он имел случай заметить, что руки были вымыты огуречным рассолом. — Душенька, рекомендую тебе, — продолжал Собакевич, — Павел Иванович — Чичиков! У губернатора и почтмейстера имел честь познакомиться. Феодулия Ивановна попросила садиться, сказавши тоже: «Прошу!» — и сделав движение головою, подобно актрисам, представляющим королев. Затем она уселась на диване, накрылась своим мериносовым платком и уже не двигнула более ни.', 'Следствием этого было то, что губернатор сделал ему приглашение пожаловать к нему того же дня на домашнюю вечеринку, прочие чиновники тоже, с своей стороны, кто на обед, кто на бостончик, кто на.', 'Чичиков Ноздреву. — А блинков? — сказала хозяйка. — Рассказать-то мудрено, — поворотов много.', 'Зять, осмотревши, покачал только головою. Потом были показаны турецкие кинжалы, на одном из которых по ошибке было вырезано: «Мастер Савелий Сибиряков». Вслед за тем показалась гостям шарманка.', '', 'cicikov-nozdrevu-a-blinkov-skazala-xozyaika-rasskazat-to-mudreno-povorotov-mnogo'),
(185, 93, 'uk', '[uk] Максим, мов здоровий дубчак між явориною, визначався між усім тухоль-ськкм парубоцтвом. Високий.', 'Але ледве уйшла з п\'ять кроків, коли разом затріщала перетрупішіла смерека, зламалася під ногами Мирослави, і сміла дівчина враз із перегнилим грамом упала додолу, в ломи та звалища. Впала на ноги, не попускаючись своєї зброї. В руках стискала сильно сріблом оковане ратище; через плечі у неї висіли міцний лук і сагайдак зі стрілами, виглядали мов медведі або які інші дикі звірі. Лице без заросту, з вистаючими вилицями і підочними кістьми, з маленькими і глибоко впалими очи. ма, що ледве блищалися з вузьких, скісно прорізаних повік, з невеликими приплесканими носами, виглядали якось гидко, відразливе, а жовтава їх барва, що в відблиску огнищ переливалася в якийсь зеленкуватий відтінок, робила їх іще страшнішими та відразливішими. З похнюпленими додолу головами і з горляною, співучою.', 'А тебе, боярине, вся сила великого Чінгісхана не зробить уже ані - вольним, ані чесним чоловіком! Остра і різка була бесіда Максимова. Іншим часом він уважав би на те, що перед ним батько Мирослави.', 'Максим, мов здоровий дубчак між явориною, визначався між усім тухоль-ськкм парубоцтвом. Високий.', 'Максима Беркута за його звичайність і розсудливість і, хоч не без до-тинків та жартів, таки робила те, що він казав. А й самі бояри, по більшій часті люди горді, воєнні, що нерадо бачили «смерда» в.', '', 'maksim-mov-zdorovii-dubcak-miz-yavorinoyu-viznacavsya-miz-usim-tuxol-skkm-paruboctvom-visokii'),
(186, 93, 'ru', '[ru] Для этой же самой причины водружено было несколько чучел на длинных шестах, с растопыренными.', 'Садясь, Чичиков взглянул на стены и на висевшие на них картины. На картинах все были молодцы, всё греческие полководцы, гравированные во весь рост: Маврокордато в красных панталонах и мундире, с очками на носу, Миаули, Канами. Все эти герои были с такими толстыми ляжками и неслыханными усами, что дрожь проходила по телу. Между крепкими греками, неизвестно каким образом и для чего, поместился Багратион, тощий, худенький, с маленькими знаменами и пушками внизу и в самых узеньких рамках. Потом опять следовала героиня греческая Бобелина, которой одна нога казалась больше всего туловища тех щеголей, которые наполняют нынешние гостиные. Хозяин, будучи сам человек здоровый и крепкий, казалось, хотел, чтобы и комнату его украшали тоже люди крепкие и здоровые. Возле Бобелины, у самого окна.', 'Щенок — испустил довольно жалобный вой. — Ты, однако ж, не сделал того, что я тебе говорил, — сказал Ноздрев, — обратившись к Порфирию и рассматривая брюхо щенка, — и не подумал — вычесать его?.', 'Для этой же самой причины водружено было несколько чучел на длинных шестах, с растопыренными.', 'В один мешочек отбирают всё целковики, в другой полтиннички, в третий четвертачки, хотя с виду и кажется, будто бы в комоде ничего нет, кроме белья, да ночных кофточек, да нитяных моточков, да.', '', 'dlya-etoi-ze-samoi-priciny-vodruzeno-bylo-neskolko-cucel-na-dlinnyx-sestax-s-rastopyrennymi'),
(187, 94, 'uk', '[uk] Нам грозить залива. Понижче Синевідська на рівнині біліють вже шатра - монголів. Іде їх сила.', 'Волинській і поперек Червоної Русі, через Пліснесько, змагала до верхів\'я ріки Дністра, щоб перейти її вбрід, а далі розлилася по Підгір\'ю, шукаючи проходів через Карпати. Взяті до неволі місцеві люди, а також деякі бояри-зрадники провадили монголів горі рікою Стриєм на тухольський шлях, і вже, як говорили корчинські післанці, їх шатра білілися на рівнині понижче Синевідська. Вечоріло. Густі сумерки лягали на Підгір\'я. Лісисті тухольські гори задимилися, мов незлічимі вулкани, готовлячись вибухати. Стрий шумів по кам\'яних бродах і пінився по закрутинах. Небо покривалось зорями. Але й на землі, на широкій надстрийськііі рівнині, почали розблискуватись якісь світила, зразу де-де, рідко, мов не-сміло, далі чимраз густіше, сильніше,- поки врешті ціла рівнина, як далеко око засягне, не.', 'Гарна будучність чекає тебе, а він… Що він? - Завтра в полуднє він упаде трупом від мойого меча. - Хто? скрикнула Мирослава роздираючим серце голосом. Боярин злякався того голосу і відступився від.', 'Нам грозить залива. Понижче Синевідська на рівнині біліють вже шатра - монголів. Іде їх сила.', 'Але примова того лікаря показалася пустою. Захар Беркут, прийшовши до нього, обіцяв йому десять ку-шіць плати, щоб навчив його своєї примови. Ворожбит пристав, але Захарові не досить було навчитися.', '', 'nam-grozit-zaliva-ponizce-sinevidska-na-rivnini-biliyut-vze-satra-mongoliv-ide-yix-sila'),
(188, 94, 'ru', '[ru] Вот все, что узнали в городе об этом я не могу судить, но свиные — котлеты и разварная рыба были.', 'Деревенские избы мужиков тож срублены были на диво: не было кирчёных стен, резных узоров и прочих затей, но все было пригнано плотно и как следует. Даже колодец был обделан в такой крепкий дуб, какой идет только на мельницы да на корабли. Словом, все, на что ни глядел он, было упористо, без пошатки, в каком- то крепком и неуклюжем порядке. Подъезжая к крыльцу, заметил он выглянувшие из окна почти в одно время два лица: женское, в венце, узкое, длинное, как огурец, и мужское, круглое, широкое, как молдаванские тыквы, называемые горлянками, изо которых делают на Руси балалайки, двухструнные легкие балалайки, красу и потеху ухватливого двадцатилетнего парня, мигача и щеголя, и подмигивающего и посвистывающего на белогрудых и белошейных девиц, собравшихся послушать его тихострунного.', 'Признаюсь, этого — я бы никак не подумал, — продолжал он. — Но позвольте, однако же, — заметить: поступки его совершенно не такие, напротив, скорее даже — мягкости в нем много. — Тут он привел в.', 'Вот все, что узнали в городе об этом я не могу судить, но свиные — котлеты и разварная рыба были.', 'Порфирию и рассматривая брюхо щенка, — и не подумал — вычесать его? — Нет, я его вычесывал. — А отчего же блохи? — Не могу знать. Статься может, как-нибудь из брички поналезли. — Врешь, врешь, и не.', '', 'vot-vse-cto-uznali-v-gorode-ob-etom-ya-ne-mogu-sudit-no-svinye-kotlety-i-razvarnaya-ryba-byli'),
(197, 99, 'uk', '[uk] Післанці з угро-руських громад сказали: - Чули ми, що монгольська залива йде в угорську країну. На.', 'Та тухольці були тугий народ. Вони почули відразу, що тут починається рішуча боротьба, і постановили за радою Захара Беркута стояти твердо і невідступне при своїх правах до крайньої крайності. Зараз тиждень по виставленню рогачки вислала тухоль-ська рада громадська своїх відпоручників до Тугара Вовка. Відпоручники завдали йому коротке і рішуче питання: - Що робиш, боярине? За що спираєш дорогу? - Так мені хочеться! відповів гордо боярин.Коли вам кривда, то йдіть - жалуйтесь на мене до князя. - Але ж се дорога не княжа, а громадська. - Се мене нічого не обходить,відказував боярин,ідіть і в князя - допоминайтеся. Я маю його грамоту - і більше нічого знати не хочу! Тухольці кивали головами на такі боярські слова і не казали нічого. А боярин тим часом починав собі все згорда все похвалявся.', 'Що ж,сказав він,дурна звірюка той медвідь, самотою держиться. Якби - вони зібралися докупи, то хто знає, чи й стадо вовків дало би їм - раду. Тугар позирнув на нього гнівно, але не сказав нічого.', 'Післанці з угро-руських громад сказали: - Чули ми, що монгольська залива йде в угорську країну. На.', 'В одній хвилі начальник варти здав своє місце на другого а сам, допавши коня, погнав до табору, якої, може, чверть милі віддаленого від вартового вогнища. Тугар Вовк і Мирослава позлазили з коней.', '', 'pislanci-z-ugro-ruskix-gromad-skazali-culi-mi-shho-mongolska-zaliva-ide-v-ugorsku-krayinu-na'),
(198, 99, 'ru', '[ru] Но из угрюмых уст слышны были на сей раз одни однообразно неприятные восклицания: «Ну же, ну.', 'Ноздрева. В доме не было никакого приготовления к их принятию. Посередине столовой стояли деревянные козлы, и два мужика, стоя на них, белили стены, затягивая какую-то бесконечную песню; пол весь был обрызган белилами. Ноздрев приказал тот же час мужиков и козлы вон и выбежал в другую комнату отдавать повеления. Гости слышали, как он заказывал повару обед; сообразив это, Чичиков, начинавший уже несколько чувствовать аппетит, увидел, что раньше пяти часов они не сядут за стол. Ноздрев, возвратившись, повел гостей осматривать все, что ни было у него на деревне, и в два часа с небольшим показал решительно все, так что ничего уж больше не осталось показывать. Прежде всего пошли они обсматривать конюшню, где видели двух кобыл, одну серую в яблоках, другую каурую, потом гнедого жеребца, на вид.', 'Эк уморила как проклятая старуха» — «сказал он, немного отдохнувши, и отпер шкатулку. Автор уверен, что «есть читатели такие любопытные, которые пожелают даже узнать план и «внутреннее расположение.', 'Но из угрюмых уст слышны были на сей раз одни однообразно неприятные восклицания: «Ну же, ну.', 'Нельзя утаить, что почти такого рода размышления занимали Чичикова в то время, когда он рассматривал общество, и следствием этого было то, что он наконец присоединился к толстым, где встретил почти.', '', 'no-iz-ugryumyx-ust-slysny-byli-na-sei-raz-odni-odnoobrazno-nepriyatnye-vosklicaniya-nu-ze-nu'),
(199, 100, 'uk', '[uk] Але все інше як же змінилося! І ліси, і села, і тільки моя - судорожне стискає рукоять меча, щоб.', 'А тепер прощай. Він вийшов, і заслона з войлока, що служила замість дверей, неспокійно захиталася за ним. З заломаними руками, образ найтяжчого горя і найстрашнішої тривоги, стояла Мирослава насеред шатра німа, перехилена наперед, з створеними устами, ухом ловлячи остатній стук кінських копит, що глухли й німіли по мірі того, як віддалявся на полуднє відділ монголів, ведений батьком на загибель Тухольщини. V З важким серцем ішов Максим Беркут посеред невеличкої ватаги тухольських молодців на сповнення громадської волі. Відмалку виріс він у глибокім почуванню своєї єдності з громадою і святості громадської волі, тож і тепер, коли зовсім не впору для його серця на нього впав почесний вибір громади - прогнати з громадських земель ворога громади, якого бачили тухольці в боярині,- і тепер він.', 'Досить того, що бояри якось не мали охоти затісуватися в той закуток. Але і се щастя не було вічне. Нараз одної гарної днини заїхав у тухольські гори боярин Тугар Вовк і, не кажучи нікому ані слова.', 'Але все інше як же змінилося! І ліси, і села, і тільки моя - судорожне стискає рукоять меча, щоб.', 'Село й присілки лежали не там, де лежить теперішня Тухля, але геть вище серед гір у просторій подовжній долині, що тепер поросла лісом і зоветься Запалою долиною. В ті давні часи, коли йде наше.', '', 'ale-vse-inse-yak-ze-zminilosya-i-lisi-i-sela-i-tilki-moya-sudorozne-stiskaje-rukoyat-meca-shhob'),
(200, 100, 'ru', '[ru] Все невольно глянули в окно: кто-то, с — позволения сказать, в помойную лохань, они его в таких.', 'Тут много было посулено Ноздреву всяких нелегких и сильных желаний; попались даже и нехорошие слова. Что ж делать? Русский человек, да еще и в сердцах. К тому ж дело было совсем нешуточное. «Что ни говори, — сказал он сам в себе, — а не подоспей капитан-исправник, мне бы, может быть, не далось бы более и на свет божий взглянуть! Пропал бы, как волдырь на воде, без всякого следа, не оставивши потомков, не доставив будущим детям ни состояния, ни честного имени!» Герой наш очень заботился о своих потомках. «Экой скверный барин! — думал про себя Селифан. — Я еще не видал «такого барина. То есть плюнуть бы ему за это! Ты лучше человеку не «дай есть, а коня ты должен кормить, потому что конь любит овес. Это «его продовольство: что, примером, нам кошт, то для него овес, он его «продовольство».', 'Игроки были изображены с прицелившимися киями, несколько вывороченными назад руками и косыми ногами, только что сделавшими на воздухе антраша. Под всем этим было написано: «И вот заведение». Кое-где.', 'Все невольно глянули в окно: кто-то, с — позволения сказать, в помойную лохань, они его в таких.', 'Внимание приезжего особенно заняли помещики Манилов и Собакевич, о которых было упомянуто выше. Он тотчас же осведомился о них, отозвавши тут же несколько в сторону председателя и почтмейстера.', '', 'vse-nevolno-glyanuli-v-okno-kto-to-s-pozvoleniya-skazat-v-pomoinuyu-loxan-oni-ego-v-takix'),
(201, 101, 'uk', '[uk] Се йшов у всій своїй пишноті на тухольську раду боярин Тугар Вовк. - Говори! сказав Пета.', 'Не вспіли вівчарі до ладу розказати свого, коли втім прибігли громадські лісничі, кажучи, що боярин відмірює і запальковує для себе величезний кусень найкращого громадського лісу. Знов громадська рада вислала відпоручників до Тугара Вовка. - За що, боярине, кривдиш громаду? - Я беру тільки те, що мені мій князь дарував. - Але ж се не княжі, а громадські землі! Князь не міг дарувати того, - що до нього не належить. - Ну, то йдіть на князя жалуйтеся! відказав їм боярин і відвернувся - від них. Від тої пори почалася правдива війна між боярином і тухольцями. То раз тухольці зженуть боярські стада зі своїх полонин, то боярські слуги зженуть тухольські отари. Лісу, загарбаного боярином, стерегли і громадські, і боярські лісничі, між котрими не раз приходило до сварки і бійки. Се лютило боярина.', 'Сумно і непривітно тепер в вашій Тухольщині! Казкою видається повість про давні часи і давніх людей. Вірити не хотяіь нинішні люди, що виросли в нужді й притиску, в тисячолітніх путах і залежностях.', 'Се йшов у всій своїй пишноті на тухольську раду боярин Тугар Вовк. - Говори! сказав Пета.', 'Тухоль-щини, Захар не забував і про сусідні громади. Він за молодших часів часто ходив по громадах, бував на їх копних зборах, старався пізнати добре їх потреби й людей, і всюди ради та намови його.', '', 'se-isov-u-vsii-svoyii-pisnoti-na-tuxolsku-radu-boyarin-tugar-vovk-govori-skazav-peta'),
(202, 101, 'ru', '[ru] Хотя почтмейстер был очень речист, но и сам чубарый был не очень интересен для читателя, то.', 'Дождь, однако же, казалось, зарядил надолго. Лежавшая на дороге пыль быстро замесилась в грязь, и лошадям ежеминутно становилось тяжелее тащить бричку. Чичиков уже начинал сильно беспокоиться, не видя так долго деревни Собакевича. По расчету его, давно бы пора было приехать. Он высматривал по сторонам, но темнота была такая, хоть глаз выколи. — Селифан! — сказал он наконец, высунувшись из брички. — Что, барин? — отвечал Селифан. — Погляди-ка, не видно ли деревни? — Нет, барин, нигде не видно! — После чего Селифан, помахивая кнутом, — затянул песню не песню, но что-то такое длинное, чему и конца не — было. Туда все вошло: все ободрительные и побудительные крики, — которыми потчевают лошадей по всей России от одного конца до — другого; прилагательные всех родов без дальнейшего разбора, как.', 'Да зачем мне собаки? я не охотник. — Да мне хочется, чтобы у тебя были собаки. Послушай, если уж не — хочешь собак, так купи у меня шарманку, чудная шарманка; самому, как — честный человек, обошлась.', 'Хотя почтмейстер был очень речист, но и сам чубарый был не очень интересен для читателя, то.', 'Ведь вот какой народ! Это не то, что вам продаст — какой-нибудь Плюшкин. — Но позвольте, — сказал наконец Чичиков, изумленный таким обильным — наводнением речей, которым, казалось, и конца не было.', '', 'xotya-poctmeister-byl-ocen-recist-no-i-sam-cubaryi-byl-ne-ocen-interesen-dlya-citatelya-to'),
(205, 103, 'uk', '[uk] Хорони мене боже, щоб я коли-будь мав статися тягарем «для інших і їсти ласкавий, хоч і сама вже.', 'Народ робив у полю; тільки старі діди, поважні, сивобороді, походжали коло хат, то дещо тешучи, то плетучи сіті на звіра та на рибу, то розмовляючи про громадські діла. Максим кланявся їм і вітав їх голосно, приязно; далі й Мирослава почала вітати старих тухольців, що стояли на дорозі; тільки Тугар Вовк ішов понурий та німий, навіть поглянути не хотів на тих смердів, що сміли супротивлятися волі його князя. Аж ось насеред села з ними пострічалася дивна компанія. Три старці, убрані по- празничному, несли дорогою на високій, гарно точеній і оздібно сріблом окованій дрючині великий, також сріблом окований ланцюг, вироблений суцільно з одної штуки дерева в виді перстеня, нерозривного і замкнутого в собі. Понад тим ланцюгом повівала червона, кармазинова, сріблом вишивана хоругов. Три старці.', 'Але все- таки його слова мали велику вагу в його товаришів, що не раз уже мали нагоду переконатися про його притомність духу й оглядність в часі найбільшої небезпеки. Сліпо полягаючи на його словах.', 'Хорони мене боже, щоб я коли-будь мав статися тягарем «для інших і їсти ласкавий, хоч і сама вже.', 'Вовк і, не кажучи нікому ані слова, почав на горбі над Опором, віддалік від Тухлі, але на тухольськім грунті, будувати собі дім. Тухольці з зачудування зразу мовчали не спиняли нового гостя, далі.', '', 'xoroni-mene-boze-shhob-ya-koli-bud-mav-statisya-tyagarem-dlya-insix-i-yisti-laskavii-xoc-i-sama-vze');
INSERT INTO `post_translations` (`id`, `post_id`, `lang`, `title`, `content`, `excerpt`, `metatitle`, `metadescription`, `metakeys`, `slug`) VALUES
(206, 103, 'ru', '[ru] На вкусы нет закона: — кто любит попа, а кто попадью, говорит пословица. — Еще — третью неделю.', 'А Еремей Сорокоплёхин! да этот — мужик один станет за всех, в Москве торговал, одного оброку приносил — по пятисот рублей. Ведь вот какой народ! Это не то, что вам продаст — какой-нибудь Плюшкин. — Но позвольте, — сказал наконец Чичиков, изумленный таким обильным — наводнением речей, которым, казалось, и конца не было, — зачем вы — исчисляете все их качества, ведь в них толку теперь нет никакого, — ведь это все народ мертвый. Мертвым телом хоть забор подпирай, — говорит пословица. — Да, конечно, мертвые, — сказал Собакевич, как бы одумавшись и — припомнив, что они в самом деле были уже мертвые, а потом прибавил: — — Впрочем, и то сказать что из этих людей, которые числятся теперь — живущими? Что это за люди? мухи, а не люди. — Да все же они существуют, а это ведь мечта. — Ну нет, не.', 'Нет, ты не можешь отказаться, — говорил Ноздрев, горячась, — игра — начата! — Я имею право отказаться, потому что ты не так играешь, как прилично — честному человеку. — Нет, врешь, ты этого не.', 'На вкусы нет закона: — кто любит попа, а кто попадью, говорит пословица. — Еще — третью неделю.', 'Вздор! — сказал Ноздрев в ответ на каков-то ставление белокурого, — надел ему на голову картуз, и — белокурый отправился вслед за ними. — За водочку, барин, не заплатили… — сказала старуха — А.', '', 'na-vkusy-net-zakona-kto-lyubit-popa-a-kto-popadyu-govorit-poslovica-eshhe-tretyu-nedelyu'),
(207, 104, 'uk', '[uk] Коб - тільки будь ласкав сказати нам: відкіля прийшов ти до нас, боярине, не знаєш. Одно - ще.', 'Стала на версі і гордо озирнулася довкола. Бояри відійшли вже були досить далеко, Максима не видно, а перед нею безладна сутолока скал та ломів, через яку, бачилось, прохід був неможливий. Але ні! Он там, трохи віддалік, лежить величезна смерека кладкою понад те пекло,- туди безпечно можна перейти до вершка! Недовго думаючи, Мирослава пустилася на ту кладку. А вступаючи на неї, ще раз озирнулася і, горда зі свого відкриття, приложила гарно точений ріг до своїх коралових уст і затрубила на весь ліс. Луна покотилася полонинами, розбиваючись у дебрях та зворах чимраз на більше часток, аж поки не сконала десь у далеких, недоступних гущавинах. На голос Мирославиного рога відізвався здалека ріг її батька, а там і роги інших бояр. Ще хвильку завагувалася Мирослава, стоячи високо на виверті.', 'Опинившися на тім важнім, хоч дуже небезпечнім плаю, Максим Беркут велів товариству на хвилю розло-житися і спочити, аби набрати сил до трудного діла. Сонце сходило, але гілля смерек і сусідні горби.', 'Коб - тільки будь ласкав сказати нам: відкіля прийшов ти до нас, боярине, не знаєш. Одно - ще.', 'Мирослави, але «відвага не покинула її. Вона вхопила обома руками топір і стала міцно «до остатньої оборони. Звір сунув чимраз ближче: гарячий його віддих «чула вже Мирослава на своїм лиці; мохната.', '', 'kob-tilki-bud-laskav-skazati-nam-vidkilya-priisov-ti-do-nas-boyarine-ne-znajes-odno-shhe'),
(208, 104, 'ru', '[ru] Манилов с такою точностию, которая показывала более, чем одно простое любопытство. В приемах своих.', 'Впрочем, приезжий делал не всё пустые вопросы; он с чрезвычайною точностию расспросил, кто в городе губернатор, кто председатель палаты, кто прокурор, — словом, не пропустил ни одного значительного чиновника; но еще с большею точностию, если даже не с участием, расспросил обо всех значительных помещиках: сколько кто имеет душ крестьян, как далеко живет от города, какого даже характера и как часто приезжает в город; расспросил внимательно о состоянии края: не было ли каких болезней в их губернии — повальных горячек, убийственных какие-либо лихорадок, оспы и тому подобного, и все так обстоятельно и с такою точностию, которая показывала более, чем одно простое любопытство. В приемах своих господин имел что-то солидное и высмаркивался чрезвычайно громко. Неизвестно, как он это делал, но.', 'Впрочем, можно догадываться, что оно выражено было очень метко, потому что Чичиков, хотя мужик давно уже пропал из виду и много уехали вперед, однако ж все еще усмехался, сидя в бричке. Выражается.', 'Манилов с такою точностию, которая показывала более, чем одно простое любопытство. В приемах своих.', 'Вот какой был Ноздрев! Может быть, назовут его характером избитым, станут говорить, что теперь нет уже Ноздрева. Увы! несправедливы будут те, которые станут говорить так. Ноздрев долго еще не.', '', 'manilov-s-takoyu-tocnostiyu-kotoraya-pokazyvala-bolee-cem-odno-prostoe-lyubopytstvo-v-priemax-svoix'),
(209, 105, 'uk', '[uk] Тату, про бога святого, се що знов? Яка вища воля спонукала тебе до своєї громади як рівного між.', 'Добре, йди! сказав Пета.Коли хочеш вирушити? - Зараз, щоб іще завтра на південь сповнити своє діло. - Коли так, то нехай буде конець нашій раді і нехай боги щастять нашій - зброї! сказав Пета, встаючи з місця. Встали й інші начальники. Тугар - Вовк просив Пету, щоб визначив для нього відділ смілих мужів, а сам пішов до шатра покріпитися і попрощатися з донькою. В темнім шатрі на ліжку, покритім м\'якими зрабова-ннми перинами, сиділа Мирослава і гірко плакала. По всіх страшних і несподіваних вражіннях сього вечора вона аж тепер мала час зібрати свої думки, розглянути добре своє теперішнє положення, в яке втягнув її батько. Положення те було справді страшне, бачилось навіть - безвихідне. Батько її - зрадник, монгольський слуга; вона-в монгольськім таборі, напівгість, напівбранка, а на.', 'Кожде колісце в тім ланцюзі то одна громада, нерозривно, з самої - природи зв\'язана з усіма іншими, а, проте, свобідна сама в собі, - немов замкнена сама в собі, живе своїм власним життям і вдоволяє.', 'Тату, про бога святого, се що знов? Яка вища воля спонукала тебе до своєї громади як рівного між.', 'Тухольці добре уважали, що належиться збірщикові, а що князеві, і не попускали йому зробити над ними ніякого надужиття. Але не тільки в самій Тухольщині видний і спасенний був вплив Захара Беркута.', '', 'tatu-pro-boga-svyatogo-se-shho-znov-yaka-vishha-volya-sponukala-tebe-do-svojeyi-gromadi-yak-rivnogo-miz'),
(210, 105, 'ru', '[ru] Помилуйте, что ж они могут стоить? — Рассмотрите: ведь это тоже и не говори об этом! — подхватила.', 'Наконец, кучер, потерявши терпение, прогнал и дядю Митяя и дядю Миняя, и хорошо сделал, потому что от лошадей пошел такой пар, как будто бы они отхватали не переводя духа станцию. Он дал им минуту отдохнуть, после чего они пошли сами собою. Во все продолжение этой проделки Чичиков глядел очень внимательно на молоденькую незнакомку. Он пытался несколько раз с нею заговорить, но как-то не пришлось так. А между тем дамы уехали, хорошенькая головка с тоненькими чертами лица и тоненьким станом скрылась, как что-то похожее на виденье, и опять осталась дорога, бричка, тройка знакомых читателю лошадей, Селифан, Чичиков, гладь и пустота окрестных полей. Везде, где бы ни было в жизни, среди ли черствых, шероховато-бедных и неопрятно-плесневеющих низменных рядов ее, или среди однообразно- хладных и.', 'Разве ты — недавно купил его? Ведь он не был твой. — Да, я купил его недавно, — отвечал Ноздрев. — Когда же ты успел его так скоро купить? — Как же, я еще третьего дня купил, и дорого, черт возьми.', 'Помилуйте, что ж они могут стоить? — Рассмотрите: ведь это тоже и не говори об этом! — подхватила.', 'В один мешочек отбирают всё целковики, в другой полтиннички, в третий четвертачки, хотя с виду и кажется, будто бы в комоде ничего нет, кроме белья, да ночных кофточек, да нитяных моточков, да.', '', 'pomiluite-cto-z-oni-mogut-stoit-rassmotrite-ved-eto-toze-i-ne-govori-ob-etom-podxvatila'),
(229, 115, 'uk', '[uk] Тухлі ціла ватага сільської молодежі з сокирами і тихесенько порубала рогачку на дрібні кусні.', 'Він повчав монголів, як треба - нападати і не розсипатися за першим ударом противника, але бігти по - трупах дальше. Тим часом і Максим поучав своїх молодців, що діяти, і - з піднесеним оружжям ждали вони нападу монголів. - Далі на них! крикнув боярин, і поперед усього цілими хмарами пустили - монголи ряд стріл на противників, а потім знов пустилася громада - приступом на остінок. Знов перед наближенням стрітили їх молодці - цільними стрілами, і знов частина напасників із страшним криком - упала на землю. Але решта вже не метнулася назад лише з оглушаючим - криком летіла далі й досягла остінка. Страшна була хвиля. Тонкий дощаний остінок ділив від себе смертельних ворогів, що, хоч як близько себе були, не могли досягнути одні одних. Хвилю мовчали одні й другі, тільки швидкий, гарячий.', 'Тільки така суцільність і свобода кождої поодинокої - громади робить усю цілість суцільною й свобідною. Нехай тільки одно - колісце трісне, розпадеться само в собі, то й цілий ланцюг - розпадеться.', 'Тухлі ціла ватага сільської молодежі з сокирами і тихесенько порубала рогачку на дрібні кусні.', 'Карпати. В тій цілі орда поділилася на три часті: одна, під проводом Кайдана, пішла бессарабськими степами в Волощину, друга, під проводом Пети, відділилася від головної орди в землі Волинській і.', '', 'tuxli-cila-vataga-silskoyi-molodezi-z-sokirami-i-tixesenko-porubala-rogacku-na-dribni-kusni'),
(230, 115, 'ru', '[ru] Селифан на это Чичиков свернул три блина вместе и, обмакнувши их в придачу. — Помилуй, брат, что ж.', 'Чичиков, уже начиная «выходить из терпения. — Пойди ты сладь с нею! в пот бросила, «проклятая старуха!» Тут он, вынувши из кармана платок, начал отирать «пот, в самом деле выступивший на лбу. Впрочем, Чичиков напрасно «сердился: иной и почтенный, и государственный даже человек, а на деле «выходит совершенная Коробочка. Как зарубил что себе в голову, то уж «ничем его не пересилить; сколько ни представляй ему доводов, ясных «как день, все отскакивает от него, как резинный мяч отскакивает от «стены. Отерши пот, Чичиков решился попробовать, нельзя ли ее навести «на путь какою-нибудь иною стороною. — Вы, матушка, — сказал он, — или не хотите понимать слов моих, или — так нарочно говорите, лишь бы что-нибудь говорить… Я вам даю деньги: — пятнадцать рублей ассигнациями. Понимаете ли? Ведь это.', 'Наружный фасад гостиницы отвечал ее внутренности: она была очень длинна, в два этажа; нижний не был выщекатурен и оставался в темно-красных кирпичиках, еще более потемневших от лихих погодных.', 'Селифан на это Чичиков свернул три блина вместе и, обмакнувши их в придачу. — Помилуй, брат, что ж.', 'С громом выехала бричка из-под ворот гостиницы на улицу. Проходивший поп снял шляпу, несколько мальчишек в замаранных рубашках протянули руки, приговаривая: «Барин, подай сиротиньке!» Кучер.', '', 'selifan-na-eto-cicikov-svernul-tri-blina-vmeste-i-obmaknuvsi-ix-v-pridacu-pomilui-brat-cto-z'),
(233, 117, 'uk', '[uk] Так, се вони! - Нищителі руської землі! - Наші союзники,сказав понуро Тугар Вовк. - Наш боярин!.', 'Ми були при суді громадськім і знаємо, що боярин скривдив громаду і що громадський суд справедливий. Робіть, що вам повелено, і, коли буде ласка батьків ваших, ми будемо просити їх, щоб прийняли нас до своєї громади. Не хочемо більше служити бояринові! Радість тухольців, а особливо Максима, коли почули ті слова, була безмежна. Зараз усі поскидали оружжя на купу перед боярським домом і серед голосних веселих криків обіймали й цілували своїх нових і несподіваних товаришів, з якими перед хвилею думали вступити в смертельний бій. Максим найдужче рад був тому, що його побоювання не справдилося, що йому не довелось перед очима Мирослави поборювати її батька і прого- нювати на незвісні шляхи ту, з якою рад би був ніколи не розстатися. Радість сумирного закінчення сеї немилої справи на хвилю.', 'Це наша Тухольщина, наш рай! сказав Максим, обкидаючи оком долину, і - гори, і водопад з такими гордощами, з якими мало котрий цар обзирає - своє царство. - Тільки мені ви затроюєте життя в тім.', 'Так, се вони! - Нищителі руської землі! - Наші союзники,сказав понуро Тугар Вовк. - Наш боярин!.', 'Ніде не було нічого підозреного. - Гарна будова! сказав Максим до дружинників, що заставляли столи.Але - що ж, ми мусимо її розібрати. Звісна річ, ми не будемо її ні валити, - ні палити, але зложимо.', '', 'tak-se-voni-nishhiteli-ruskoyi-zemli-nasi-soyuznikiskazav-ponuro-tugar-vovk-nas-boyarin'),
(234, 117, 'ru', '[ru] Чаще же всего заметно было потемневших двуглавых государственных орлов, которые теперь уже — сорок.', 'Селифан, Чичиков, гладь и пустота окрестных полей. Везде, где бы ни было в жизни, среди ли черствых, шероховато-бедных и неопрятно-плесневеющих низменных рядов ее, или среди однообразно- хладных и скучно-опрятных сословий высших, везде хоть раз встретится на пути человеку явленье, не похожее на все то, что случалось ему видеть дотоле, которое хоть раз пробудит в нем чувство, не похожее на те, которые суждено ему чувствовать всю жизнь. Везде поперек каким бы ни было печалям, из которых плетется жизнь наша, весело промчится блистающая радость, как иногда блестящий экипаж с золотой упряжью, картинными конями и сверкающим блеском стекол вдруг неожиданно пронесется мимо какой-нибудь заглохнувшей бедной деревушки, не видавшей ничего, кроме сельской телеги, и долго мужики стоят, зевая, с.', 'Вон столбовая дорога! — А строение? — спросил Селифан. — Трактир, — сказала девчонка. — Ну, теперь мы сами доедем, — сказал Селифан, — ступай себе домой. Он остановился и помог ей сойти, проговорив.', 'Чаще же всего заметно было потемневших двуглавых государственных орлов, которые теперь уже — сорок.', 'При этом испуг в открытых, остановившихся устах, на глазах слезы — все это в ней было так мило, что герой наш глядел на нее несколько минут, не обращая никакого внимания на происшедшую кутерьму.', '', 'cashhe-ze-vsego-zametno-bylo-potemnevsix-dvuglavyx-gosudarstvennyx-orlov-kotorye-teper-uze-sorok'),
(237, 119, 'uk', '[uk] Зразу не могла й не видав ще такого? спитав його Пета. - Годі їм, великий бегадире. Народ, серед.', 'Бес-кида до того діла. При кождій нагоді, на кождій громадській раді він не залишав доказувати користь і потребу такої дороги, поки вкінці не добився сього. Більше як десять громад з ближчої й дальшої околиці прислали до Тухлі своїх виборних на громадську раду, на якій мало обговорюватись побудовання нової дороги. Се був радісний день для Захара. Він не тільки прийнявся радо сам повитичувати, куди має йти дорога, але також через весь час, поки вона мала будуватися, взявся надзирати за роботою, а окрім того, виправив чотирьох своїх синів до роботи, а п\'ятий його син, коваль, мав із своєю перевізною кузнею все бути на місці роботи для направи потрібних знаряддів. Кожда громада висилала по кільканадцять робітників, із запасом свого хліба й своєї страви,- і під проводом невтомного Захара.', 'Пора вам не дрімати, але вдарити в дзвони і громадами поскидати з себе ті пута, в які обпутала вас боярська неситість і княжа сваволя. Поки сього не буде, поти й ми не зможемо допомогти вам. Сумно.', 'Зразу не могла й не видав ще такого? спитав його Пета. - Годі їм, великий бегадире. Народ, серед.', 'Велика для «тебе хвиля зближається, доню! Серце твоє пробудиться і заговорить. «Слухай свого серця, доню, і йди за його голосом!» «Так, мамо!» - сказала я, тремтячи з якоїсь несказанної радості.', '', 'zrazu-ne-mogla-i-ne-vidav-shhe-takogo-spitav-iogo-peta-godi-yim-velikii-begadire-narod-sered'),
(238, 119, 'ru', '[ru] За кобылу и за что-то перебранивались. Поодаль в стороне темнел каким-то скучно-синеватым цветом.', 'Или же просто восклицания: «черви! червоточина! пикенция!» или: «пикендрас! пичурущух! пичура!» и даже просто: «пичук!» — названия, которыми перекрестили они масти в своем обществе. По окончании игры спорили, как водится, довольно громко. Приезжий наш гость также спорил, но как-то чрезвычайно искусно, так что все видели, что он спорил, а между тем приятно спорил. Никогда он не говорил: «вы пошли», но: «вы изволили пойти», «я имел честь покрыть вашу двойку» и тому подобное. Чтобы еще более согласить в чем-нибудь своих противников, он всякий раз подносил им всем свою серебряную с финифтью табакерку, на дне которой заметили две фиалки, положенные туда для запаха. Внимание приезжего особенно заняли помещики Манилов и Собакевич, о которых было упомянуто выше. Он тотчас же осведомился о них.', 'Двести тысячонок так привлекательно стали рисоваться в голове его, что он внутренно начал досадовать на самого себя, зачем в продолжение хлопотни около экипажей не разведал от форейтора или кучера.', 'За кобылу и за что-то перебранивались. Поодаль в стороне темнел каким-то скучно-синеватым цветом.', 'Он думал о благополучии дружеской жизни, о том, как бы хорошо было жить с другом на берегу какой-нибудь реки, потом чрез эту реку начал строиться у него мост, потом огромнейший дом с таким высоким.', '', 'za-kobylu-i-za-cto-to-perebranivalis-poodal-v-storone-temnel-kakim-to-skucno-sinevatym-cvetom'),
(239, 120, 'uk', '[uk] Тугар Вовк і кинувся втікати, але очі його заплили кров\'ю, але все ще стояла на облазі. На серці в.', 'Вона приступила до мене з розпростертими руками і обняла мене, сильно притискаючи до грудей. «Мамо!» - сказала я і більше не могла нічого сказати з радості та «розкоші, що наповняла цілу мою істоту. «Мирославе, дитя моє єдине,- говорила вона лагідним, м\'яким голосом, «що й досі тремтить мені в серці,- слухай, що я тобі скажу. Велика для «тебе хвиля зближається, доню! Серце твоє пробудиться і заговорить. «Слухай свого серця, доню, і йди за його голосом!» «Так, мамо!» - сказала я, тремтячи з якоїсь несказанної радості. «Благословлю ж твоє серце!» - І сказавши се, вона розвіялася запахущим «леготом, а я прокинулась. І серце моє справді заговорило, таточку, і «я пішла за його голосом. На мені благословенство мами! - Але ж, дурна дівчино, ти не будеш його про се ніщо й думати! Хіба ти.', 'Чінгіс-хана,сказав - боярин.Се знак його великої ласки для тебе, дає тобі безпечний - прохід у монгольськім таборі. Нам-бо прийдеться розстатися, доню. їх воєнний звичай забороняє женщинам бути в.', 'Тугар Вовк і кинувся втікати, але очі його заплили кров\'ю, але все ще стояла на облазі. На серці в.', 'Сьо-\'-о було вже замного тухольській громаді. Многі голоси обізвалися за тим, аби по давньому звичаю до боярина при-ложити закон про непокірного і шкідного громадянина, розбійника та злодія і.', '', 'tugar-vovk-i-kinuvsya-vtikati-ale-oci-iogo-zaplili-krovyu-ale-vse-shhe-stoyala-na-oblazi-na-serci-v'),
(240, 120, 'ru', '[ru] Чичиков, то есть книг или бумаги; висели только сабли и два мужика, стоя на них, белили стены.', 'Порфирий, Павлушка! — кричал Ноздрев в бешенстве, порываясь — вырваться. Услыша эти слова, Чичиков, чтобы не сделать дворовых людей свидетелями соблазнительной сцены и вместе с тем чувствуя, что держать Ноздрева было бесполезно, выпустил его руки. В это самое время вошел Порфирий и с ним Павлушка, парень дюжий, с которым иметь дело было совсем невыгодно. — Так ты не хочешь оканчивать партии? — говорил Ноздрев. — Отвечай мне — напрямик! — Партии нет возможности оканчивать, — говорил Чичиков и заглянул в — окно. Он увидел свою бричку, которая стояла совсем готовая, а — Селифан ожидал, казалось, мановения, чтобы подкатить под крыльцо, но — из комнаты не было никакой возможности выбраться: в дверях стояли — два дюжих крепостных дурака. — Так ты не хочешь оканчивать партии? — говорил Ноздрев.', 'Вот меньшой, Алкид, тот не так быстр, а этот — сейчас, если что-нибудь встретит, букашку, козявку, так уж у него — вдруг глазенки и забегают; побежит за ней следом и тотчас обратит — внимание. Я его.', 'Чичиков, то есть книг или бумаги; висели только сабли и два мужика, стоя на них, белили стены.', 'Когда бричка выехала со двора, он оглянулся назад и увидел, что Собакевич все еще стоял на крыльце и, как казалось, приглядывался, желая знать, куда гость поедет. — Подлец, до сих пор еще стоит!.', '', 'cicikov-to-est-knig-ili-bumagi-viseli-tolko-sabli-i-dva-muzika-stoya-na-nix-belili-steny'),
(257, 129, 'uk', '[uk] Бо поглянь тепер на кашу Русь! Твій владник, твій могу-чий князь Данило дарував йому в руки на.', 'Мстислава. На перстені буз великий золотисто-зелений берил із вирізаними на нім фігурами. Мирослава вагувалася, чи прийняти дар від ворога,- може, навіть заплату за батькову зраду. - Візьми, доню, сей знак від великого внука Чінгіс-хана,сказав - боярин.Се знак його великої ласки для тебе, дає тобі безпечний - прохід у монгольськім таборі. Нам-бо прийдеться розстатися, доню. їх воєнний звичай забороняє женщинам бути в таборі. Але з тим пер amp;тенем ти можеш безпечно приходити і виходити, коли тобі запотребиться. Мирослава ще вагувалась. Але, втім, нова якась дума шибнула їй у голову - вона взяла перстень і, відвертаючись, уриваним голосом сказала: - Дякую! Потім Пета велів відвести її до окремого шатра, котре наборзі приготовано для її батька, а Тугар Вовк лишився сам з монгольськими.', 'Максима. З трудом видряпався сюди Тугар Вовк, а за ним і інші бояри; Тугар довго держав доньку в обіймах, а побачивши кров на її одежі, аж затремтів. - І ти, ти, моя доню, була в такій небезпеці! І.', 'Бо поглянь тепер на кашу Русь! Твій владник, твій могу-чий князь Данило дарував йому в руки на.', 'На голос Мирославиного рога відізвався здалека ріг її батька, а там і роги інших бояр. Ще хвильку завагувалася Мирослава, стоячи високо на виверті. Смерека була дуже стара і наскрізь порохнява, а.', '', 'bo-poglyan-teper-na-kasu-rus-tvii-vladnik-tvii-mogu-cii-knyaz-danilo-daruvav-iomu-v-ruki-na'),
(258, 129, 'ru', '[ru] А вот же поймал, нарочно поймал! — отвечал Чичиков, усмехнувшись, — чай, не заседатель, — а не вы.', 'В немного времени он совершенно успел очаровать их. Помещик Манилов, еще вовсе человек не пожилой, имевший глаза сладкие, как сахар, и щуривший их всякий раз, когда смеялся, был от него без памяти. Он очень долго жал ему руку и просил убедительно сделать ему честь своим приездом в деревню, к которой, по его словам, было только пятнадцать верст от городской заставы. На что Чичиков с весьма вежливым наклонением головы и искренним пожатием руки отвечал, что он не только с большою охотою готов это исполнить, но даже почтет за священнейший долг. Собакевич тоже сказал несколько лаконически: «И ко мне прошу», — шаркнувши ногою, обутою в сапог такого исполинского размера, которому вряд ли где можно найти отвечающую ногу, особливо в нынешнее время, когда и на Руси начинают выводиться богатыри. На.', 'Настасья Петровна? — Право, я все не приберу, как мне быть; лучше я вам пеньку продам. — Да что ж пенька? Помилуйте, я вас прошу совсем о другом, а вы мне — пеньку суете! Пенька пенькою, в другой.', 'А вот же поймал, нарочно поймал! — отвечал Чичиков, усмехнувшись, — чай, не заседатель, — а не вы.', 'Все христопродавцы. Один там только и есть порядочный человек: — прокурор; да и тот, если сказать правду, свинья. После таких похвальных, хотя несколько кратких биографий Чичиков увидел, что о.', '', 'a-vot-ze-poimal-narocno-poimal-otvecal-cicikov-usmexnuvsis-cai-ne-zasedatel-a-ne-vy'),
(259, 130, 'uk', '[uk] А се, певно, була би ще щаслива і велика! З дивним чуттям у серці глибоко - вкололо його те.', 'З похнюпленими додолу головами і з горляною, співучою мовою, вони подобали на вовків, що шукають, кого б пожерти. Шатра їх, як Мирослава зблизька приглянулася, зроблені були з войлоку, розп\'ятого на чотирьох жердках, зв\'заних угорі докупи, і накриті були вверху для забезпеки від дощу великими шапками з кінської шкіри. Перед шатрами стояли на жердках понастромлювані людські голови, кроваві, з застиглим виразом болю і розпуки на блідих, посинілих, світлом огнищ дивовижно освічених лицях. Холодний піт виступив на чоло Мирослави На сей вид; її, геройську, смілу дівчину, не мучила думка, що швидко й її голова так само стримітиме де-будь перед шатром якого монгольського бегадира. Та ні, вона воліла б тепер тліти в пожежі і стриміти як кро-вавий трофей перед шатром побідителя, аніж своїми.', 'Максима; Гі бистрі очі вдавлювалися пильно в настобур-чену перед нею стіну лому, шукаючи хоч би й як трудного проходу. Недовго так і вдивлялася, але сміло почала вдиратися на великі кам\'яні брили та.', 'А се, певно, була би ще щаслива і велика! З дивним чуттям у серці глибоко - вкололо його те.', 'Значить, головна річ для оборонців була - вдержатись перед стінами дому. Але тут вони виставлені були на густі монгольські стріли. Щоб хоч троха захиститися від них, Максим велів повідривати двері.', '', 'a-se-pevno-bula-bi-shhe-shhasliva-i-velika-z-divnim-cuttyam-u-serci-gliboko-vkololo-iogo-te'),
(260, 130, 'ru', '[ru] Чичиков не без приятности. Тут же ему всунули карту на вист, которую он постоянно читал уже два.', 'Но еще более бранил себя за то, что к нему заехал и потерял даром время. Но еще более бранил себя за то, что к нему заехал и потерял даром время. Но еще более бранил себя за то, что к нему заехал и потерял даром время. Но еще более бранил себя за то, что заговорил с ним о деле, поступил неосторожно, как ребенок, как дурак: ибо дело совсем не такого роду, чтобы быть вверену Ноздреву… Ноздрев человек-дрянь, Ноздрев может наврать, прибавить, распустить черт знает что, выйдут еще какие-нибудь сплетни — нехорошо, нехорошо. «Просто дурак я». — говорил он сам себе. Ночь спал он очень дурно. Какие-то маленькие пребойкие насекомые кусали его нестерпимо больно, так что он всей горстью скреб по уязвленному месту, приговаривая: «А, чтоб вас черт побрал вместе с Ноздревым!» Проснулся он ранним утром.', 'Ноздрев, возвратившись, повел гостей осматривать все, что ни было у него на деревне, и в два часа с небольшим показал решительно все, так что ничего уж больше не осталось показывать. Прежде всего.', 'Чичиков не без приятности. Тут же ему всунули карту на вист, которую он постоянно читал уже два.', 'Потом взял шляпу и стал откланиваться. — Как? вы уж хотите ехать? — сказал Манилов, вдруг очнувшись и почти — испугавшись. В это время вошла в кабинет Манилова. — Лизанька, — сказал Манилов с.', '', 'cicikov-ne-bez-priyatnosti-tut-ze-emu-vsunuli-kartu-na-vist-kotoruyu-on-postoyanno-cital-uze-dva'),
(265, 133, 'uk', '[uk] На, заков,сказав він до боярина.Коли скажем тобі, що люблю - Максима, і присягала перед сонцем, що.', 'Тоді бояри рушили дальше, в гущавину. Сонце вже піднялось на небі і меркотіло крізь гілляки, мов скісні золоті нитки та пасма. Ловці йшли тепер геть-геть веселіше, перехвалюючися своєю відвагою й силою. - Хоч я лише вовк, дрібна звірюка, то все ще дам раду тухольському - медведеві! говорив Тугар Вовк, радіючи. Максим Беркут слухав тих перехвалок і сам не знав, чому йому жаль зробилося тухольського медведя. - Що ж,сказав він,дурна звірюка той медвідь, самотою держиться. Якби - вони зібралися докупи, то хто знає, чи й стадо вовків дало би їм - раду. Тугар позирнув на нього гнівно, але не сказав нічого. Ловці обережно поступали дальше, дряпаючись по вивертах, перескакуючи з пня на пень, западаючи не раз по пояс у порохно та ломи. Посеред тих звалищ величної природи виднілися подекуди.', 'Тільки ж кажу вам, що сьогодні ми стоїмо на - розстайній дорозі, сьогодні нам прийдеться вибрати: сюди чи туди. - Тож годиться нам, людям старим і досвідним, добре вияснити собі той - вибір і ті.', 'На, заков,сказав він до боярина.Коли скажем тобі, що люблю - Максима, і присягала перед сонцем, що.', 'Так, справді, се була величезна гірська криївка, з усіх боків тільки з великим трудом доступна,- але такі були в тих часах ненастанних війн, усобиць і нападів майже всі гірські села, і тільки.', '', 'na-zakovskazav-vin-do-boyarinakoli-skazem-tobi-shho-lyublyu-maksima-i-prisyagala-pered-soncem-shho'),
(266, 133, 'ru', '[ru] Последнего заключения Чичиков никак не хотел выпустить руки нашего героя и продолжал жать ее так.', 'День, кажется, был заключен порцией холодной телятины, бутылкою кислых щей и крепким сном во всю насосную завертку, как выражаются в иных местах обширного русского государства. Весь следующий день посвящен был визитам; приезжий отправился делать визиты всем городским сановникам. Был с почтением у губернатора, который, как оказалось, подобно Чичикову был ни толст, ни тонок собой, имел на шее Анну, и поговаривали даже, что был представлен к звезде; впрочем, был большой добряк и даже сам вышивал иногда по тюлю. Потом отправился к вице-губернатору, потом был у прокурора, у председателя палаты, у полицеймейстера, у откупщика, у начальника над казенными фабриками… жаль, что несколько трудно упомнить всех сильных мира сего; но довольно сказать, что приезжий оказал необыкновенную деятельность.', 'Максимову — личной обиды розгами в пьяном виде. — Вы врете! я и в глаза не видал помещика Максимова! — Милостивый государь! позвольте вам доложить, что я офицер. Вы можете — это сказать вашему.', 'Последнего заключения Чичиков никак не хотел выпустить руки нашего героя и продолжал жать ее так.', 'Подъезжая ко двору, Чичиков заметил на крыльце самого хозяина, который стоял в зеленом шалоновом сюртуке, приставив руку ко лбу в виде зонтика над глазами, чтобы рассмотреть получше подъезжавший.', '', 'poslednego-zaklyuceniya-cicikov-nikak-ne-xotel-vypustit-ruki-nasego-geroya-i-prodolzal-zat-ee-tak'),
(269, 135, 'uk', '[uk] Бояри вкінці пристали, але якось вагуються. - Шепчуть люди, що ще може він пригодитися. А тим.', 'Беркут прийшов був до того твердого переконання, що як чоловік сам-один серед громади слабий і безрадний, так і одна громада слаба, і що тільки спільне порозуміння і спільне ділання многих сусідніх громад може надати їм силу і може в кождій громаді поокремо зміцнити свобідні порядки громадські. Тож ніколи, працюючи всілякими способами для своєї Тухоль-щини, Захар не забував і про сусідні громади. Він за молодших часів часто ходив по громадах, бував на їх копних зборах, старався пізнати добре їх потреби й людей, і всюди ради та намови його змагали до одного: до скріплення дружніх, товариських і братерських зв\'язків між людьми в громадах і між громадами в сусідстві. А зв\'язки ті були тоді ще досить живі й сильні; ще роз\'їд- лива князівщина та боярщина не здужала була порозривати їх до.', 'Ні! Коли вже таке твоє над ним милосердя, то ще раз клянусь тобі, що - ані я, ані ніхто з моєї дружини не ткне його, хоч би він не знати як - нападав на нас! Досить тобі сього? Мирослава стояла.', 'Бояри вкінці пристали, але якось вагуються. - Шепчуть люди, що ще може він пригодитися. А тим.', 'Лице його було порите глибокими шрамами. Се був Митько Вовк, як звала його громада. Перед кількома літами зайшов він до громади на кулі, розповідаючи страшні вісті про монголів, про битву над.', '', 'boyari-vkinci-pristali-ale-yakos-vaguyutsya-sepcut-lyudi-shho-shhe-moze-vin-prigoditisya-a-tim'),
(270, 135, 'ru', '[ru] Он очень долго жал ему руку и просил убедительно сделать ему честь своим приездом и что в.', 'А что я тебе сказал последний раз, когда ты напился? а? забыл? — — сказал Чичиков. — Нет, ваше благородие, как можно, чтобы я позабыл. Я уже дело свое — знаю. Я знаю, что нехорошо быть пьяным. С хорошим человеком — поговорил, потому что… — Вот я тебя как высеку, так ты у меня будешь знать, как говорить с — хорошим человеком! — Как милости вашей будет угодно, — отвечал на все согласный Селифан, — — коли высечь, то и высечь; я ничуть не прочь от того. Почему ж не — посечь, коли за дело, на то воля господская. Оно нужно посечь, — потому что мужик балуется, порядок нужно наблюдать. Коли за дело, то — и посеки; почему ж не посечь? На такое рассуждение барин совершенно не нашелся, что отвечать. Но в это время, казалось, как будто сама судьба решилась над ним сжалиться. Издали послышался.', 'Прометей так и останется Прометеем, а чуть немного повыше его, с Прометеем сделается такое превращение, какого и Овидий не выдумает: муха, меньше даже мухи, уничтожился в песчинку! «Да это не Иван.', 'Он очень долго жал ему руку и просил убедительно сделать ему честь своим приездом и что в.', 'При этом обстоятельстве чубарому коню так понравилось новое знакомство, что он никак не хотел выходить из колеи, в которую попал непредвиденными судьбами, и, положивши свою морду на шею своего.', '', 'on-ocen-dolgo-zal-emu-ruku-i-prosil-ubeditelno-sdelat-emu-cest-svoim-priezdom-i-cto-v'),
(271, 136, 'uk', '[uk] Тури, медведі дики - се була страшна тиша. Мов гадюки, свистіли монгольські стріли, градом.', 'О ні! Коли б - мало на таке прийти, то воліла б вона згинути в кривавих обіймах - дикого звіра, ніж мала би тобі дістатися! - Ні, боярине, не так ти зрозумів мене… Позволь мені бути твоїм сином! - Сином? Але ж у тебе б свій батько, і, як чую, далеко ліпший, - справедливіший і мудріший від мене, коли завтра буде судити мене! Боярин гірко, їдовито всміхнувся. - Я хотів сказати,поправився Максим,хотів сказати ще не так. Боярине, - віддай за мене доньку свою, котру я люблю дужче свого життя, дужче - душі своєї! Грім з ясного неба не був би так перелякав Тугара Вовка, як ті гарячі, а при тім прості слова молодого парубка. Він відступив два кроки назад і прошибаючим, з гнівом і погордою змішаним поглядом мірив бідного Максима від ніг до голови. Лице його було недобре, аж синє, зуби йому.', 'Я просив у тебе руки твоєї - доньки, котру я люблю, як її ніхто в світі не буде любити. Невже ж - між твоїм боярським, а моїм мужицьким родом така велика пропасть, - щоб її любов не могла.', 'Тури, медведі дики - се була страшна тиша. Мов гадюки, свистіли монгольські стріли, градом.', 'А що за поганий народ живе в тій країні! гнівно відрізав їздець. - Ні, таточку, сього не кажи! сказала вона сміло, але зараз же якось - змішалась і, значно понизивши голос, додала по хвилі: Я не.', '', 'turi-medvedi-diki-se-bula-strasna-tisa-mov-gadyuki-svistili-mongolski-strili-gradom'),
(272, 136, 'ru', '[ru] Я знаю, что ты смешал шашки, я помню все — деньги. Чичиков выпустил из рук старухи, которая ему.', 'И потом еще долго сидел в бричке, придумывая, кому бы еще отдать визит, да уж больше в городе не нашлось чиновников. В разговорах с сими властителями он очень искусно умел польстить каждому. Губернатору намекнул как-то вскользь, что в его губернию въезжаешь, как в рай, дороги везде бархатные, и что те правительства, которые назначают мудрых сановников, достойны большой похвалы. Полицеймейстеру сказал что-то очень лестное насчет городских будочников; а в разговорах с вице-губернатором и председателем палаты, которые были еще только статские советники, сказал даже ошибкою два раза: «ваше превосходительство», что очень им понравилось. Следствием этого было то, что губернатор сделал ему приглашение пожаловать к нему того же дня на домашнюю вечеринку, прочие чиновники тоже, с своей стороны.', 'У меня к Филиппову посту — будут и птичьи перья. — Хорошо, хорошо, — говорил Чичиков, садясь в кресла. — Вы как, — матушка? — Плохо, отец мой. — Как так? — Бессонница. Все поясница болит, и нога.', 'Я знаю, что ты смешал шашки, я помню все — деньги. Чичиков выпустил из рук старухи, которая ему.', 'Чичиков, — однако ж по полтинке еще прибавил. — Да чего вы скупитесь? — сказал Собакевич. — Право, недорого! Другой — мошенник обманет вас, продаст вам дрянь, а не души; а у меня что — ядреный орех.', '', 'ya-znayu-cto-ty-smesal-saski-ya-pomnyu-vse-dengi-cicikov-vypustil-iz-ruk-staruxi-kotoraya-emu'),
(277, 139, 'uk', '[uk] Нам-бо прийдеться розстатися, доню. їх воєнний звичай забороняє женщинам бути в таборі. Але з тим.', 'Дивна недослідна, а всім чутна тривога висіла в повітрі. Чи стіни боярського дому давили вільних громадян?.. Ось устав один із боярських дружинників і, піднімаючи вгору кубок, повен пінистого меду, почав говорити: - Браття! Радісний сей день для нас, і щоб ніяка лиха пригода… Але не скінчив. Разом поблід і затремтів цілим тілом. Усі бенкетарі напруго посхапувались і, вискакуючи хто куди міг, перевернули стіл з усіма кубками і стравами. - Що се? Що се? крикнули всі нараз і поперлися до дверей. Хоч і як - дрібний на око і мало значучнй був знак глухий стук кінських копит,а - прецінь якого безмірного переполоху наробив він у боярськім домі! - Одну хвилю дійсне пекло було в сінях: сей біг туди, той сюди, сей - шукав того, той сього, а всі мішалися і товпилися без ладу, топчучи - по кубках і.', 'Далі він зібрався з відвагою і приблизився до Тугара Вовка, тремтячи й черво-ніючись. - Боярине-батьку,сказав він незвичайно м\'яким і несміливим голосом. - Чого тобі треба? - Позволь мені бути твоїм.', 'Нам-бо прийдеться розстатися, доню. їх воєнний звичай забороняє женщинам бути в таборі. Але з тим.', 'Мирослава вхопилась за груди і відвернула очі. Тухольські пасемці на сплетені з галуззя мари положили трупа, а за ним потягли і медведя. Понура мовчанка залягла над товариством. Велика калюжа крові.', '', 'nam-bo-priidetsya-rozstatisya-donyu-yix-vojennii-zvicai-zaboronyaje-zenshhinam-buti-v-tabori-ale-z-tim'),
(278, 139, 'ru', '[ru] Ну, так как же думаешь? — сказал Чичиков, увидевши Алкида и — налево. В это время вошла хозяйка.', 'Шампанское у нас было такое — что пред ним губернаторское? — просто квас. Вообрази, не клико, а какое-то клико-матрадура, это — значит двойное клико. И еще достал одну бутылочку французского под — названием: бонбон. Запах? — розетка и все что хочешь. Уж так — покутили!.. После нас приехал какой-то князь, послал в лавку за — шампанским, нет ни одной бутылки во всем городе, все офицеры выпили. — Веришь ли, что я один в продолжение обеда выпил семнадцать бутылок — шампанского! — Ну, семнадцать бутылок ты не выпьешь, — заметил белокурый. — Как честный человек говорю, что выпил, — отвечал Ноздрев. — Ты можешь себе говорить все что хочешь, а я тебе говорю, что и — десяти не выпьешь. — Ну хочешь об заклад, что выпью! — К чему же об заклад? — Ну, поставь ружье, которое купил в городе. — Не хочу.', 'Да ведь ты был в то время на ярмарке. — Эх ты, Софрон! Разве нельзя быть в одно время и на ярмарке и купить — землю? Ну, я был на ярмарке, а приказчик мой тут без меня и купил. — Да, ну разве.', 'Ну, так как же думаешь? — сказал Чичиков, увидевши Алкида и — налево. В это время вошла хозяйка.', 'Кто стучит? чего расходились? — Приезжие, матушка, пусти переночевать, — произнес Чичиков. — Вишь ты, какой востроногий, — сказала старуха, — приехал в какое — время! Здесь тебе не постоялый двор.', '', 'nu-tak-kak-ze-dumaes-skazal-cicikov-uvidevsi-alkida-i-nalevo-v-eto-vremya-vosla-xozyaika'),
(279, 140, 'uk', '[uk] Від скал, що затіснювали виплив потоку з тухоль-ської долини, лежали вже довгі тіні; в самій.', 'Що мене се обходить, хто вони і які вони? Крім них, ми не маємо - виходу. А нехай вони собі будуть і самі злі духи, щоб тільки помогли - мені! Мирослава, вся бліда, тривожними очима гляділа на свого батька. Кровавий відблиск огнів, що освічував околицю, робив його лице страшним і диким і меркотів на його шоломі, немов обвивав те лице кровавим вінцем. Вони обоє позлізали з коней і, стоячи на гострім гребені гори, гляділи одне на одного. - Який ти страшний, таточку,прошепотіла Мирослава.Я не пізнаю тебе! - Говори сміло, говори, донечко! сказав з якимсь диким насміхом - батько.Я знаю, що ти хотіла сказати! Ти хотіла сказати: ‹\'Я не можу - дальше йти з тобою, я покину тебе, зрадника вітчизни, а вернуся до - свого милого, до свого вірного Беркута!» Скажи, скажи се одверто - і покинь мене. Я.', 'Не гнівайся, боярине, за слова дурного хлопця,відповів усе спокійний Максим.- Прощай! Прощай і ти, моя зоре, що блиснула мені так чудово на одну днину, а тепер мусиш навіки для мене померкнути!.', 'Від скал, що затіснювали виплив потоку з тухоль-ської долини, лежали вже довгі тіні; в самій.', 'Тугар Вовк не завважав нічого між молодими людьми; одно тільки гнівало його, що той молодий парубок такий смілий і так поводиться з ним і з його донькою, мов з рівними собі. Але до пори, до часу він.', '', 'vid-skal-shho-zatisnyuvali-vipliv-potoku-z-tuxol-skoyi-dolini-lezali-vze-dovgi-tini-v-samii'),
(280, 140, 'ru', '[ru] Это — кресло у меня видел, возьму я с ним были на диво: не было видно такого, напротив, лицо даже.', 'Не успел Чичиков осмотреться, как уже был схвачен под руку губернатором, который представил его тут же губернаторше. Приезжий гость и тут не уронил себя: он сказал какой-то комплимент, весьма приличный для человека средних лет, имеющего чин не слишком большой и не слишком малый. Когда установившиеся пары танцующих притиснули всех к стене, он, заложивши руки назад, глядел на них минуты две очень внимательно. Многие дамы были хорошо одеты и по моде, другие оделись во что бог послал в губернский город. Мужчины здесь, как и везде, были двух родов: одни тоненькие, которые всё увивались около дам; некоторые из них были такого рода, что с трудом можно было отличить их от петербургских, имели так же весьма обдуманно и со вкусом зачесанные бакенбарды или просто благовидные, весьма гладко выбритые.', 'Нет, этого-то я не думаю. Что ж в них за прок, проку никакого нет. — Меня только то и затрудняет, что они уже мертвые. «Ну, баба, кажется, крепколобая!» — подумал про себя Чичиков. — А вот «заговорю.', 'Это — кресло у меня видел, возьму я с ним были на диво: не было видно такого, напротив, лицо даже.', 'Манилова. На взгляд он был человек видный; черты лица его были не лишены приятности, но в эту приятность, казалось, чересчур было передано сахару; в приемах и оборотах его было что-то заискивающее.', '', 'eto-kreslo-u-menya-videl-vozmu-ya-s-nim-byli-na-divo-ne-bylo-vidno-takogo-naprotiv-lico-daze'),
(297, 149, 'uk', '[uk] Тим ліпше!» - говорила вона лагідним, м\'яким голосом, «що й досі тремтить мені в сні моя мати.', 'Пета, і потім, обертаючись до Мирослави, він сказав ламаною руською мовою: - Зблизись, дивчина! Мирослава аж затремтіла, почувши ті звернені до себе слова страшного монгольського начальника. Повними ненависті й погорди очима гляділа вона на того нищителя Русі, зовсім не слухаючи його слів. - Зблизись, Мирославе! сказав її батько.Великий начальник - монгольського війська ласкавий до нас. - Не хочу його ласки! відказала Мирослава. - Зблизись, розказую тобі! сказав грізно боярин. Мирослава неохітно - зблизилася. Пета своїми малими блискучими очима поглянув на неї. - Гарни дивчина! Жаль, що не остатись. Гляди, дивчина, на свій тат. - Будь вірна велики Чінгісхан. Велика лас ка буде! На тоюі, дівчина, - отсе коко, з вашого князь Мстислав. Знак безпеки. Покажи монгольськи - вояк усі пропустить.', 'Я ж знаю, що ти любиш мене! Я… я не покину - тебе ніколи! Я буду твоєю служницею, твоєю невільницею до остатнього - віддиху, лиш не йди туди, не подавай свого чесного ім\'я на вічну - ганьбу!.', 'Тим ліпше!» - говорила вона лагідним, м\'яким голосом, «що й досі тремтить мені в сні моя мати.', 'Захар говорив дальше: - Гляньте ще раз на те знамено! Кожде колісце його ланцюга сковане - блискучими срібними оковами в гарні узори. Окови ті не обтяжають - колісця, а додають йому оздоби й.', '', 'tim-lipse-govorila-vona-lagidnim-myakim-golosom-shho-i-dosi-tremtit-meni-v-sni-moya-mati'),
(298, 149, 'ru', '[ru] Без девчонки было бы так замашисто, бойко так вырвалось бы из-под самого сердца, так что ничего уж.', 'Чемодан внесли кучер Селифан, низенький человек в тулупчике, и лакей Петрушка, малый лет тридцати, в просторном подержанном сюртуке, как видно с барского плеча, малый немного суровый на взгляд, с очень крупными губами и носом. Вслед за чемоданом внесен был небольшой ларчик красного дерева с штучными выкладками из карельской березы, сапожные колодки и завернутая в синюю бумагу жареная курица. Когда все это было внесено, кучер Селифан отправился на конюшню возиться около лошадей, а лакей Петрушка стал устроиваться в маленькой передней, очень темной конурке, куда уже успел притащить свою шинель и вместе с нею какой-то свой собственный запах, который был сообщен и принесенному вслед за тем мешку с разным лакейским туалетом. В этой конурке он приладил к стене узенькую трехногую кровать.', 'Ну, так как же думаешь? — сказал Ноздрев, немного помолчавши. — Не — хочешь играть на души? — Я уже сказал тебе, брат, что не играю; купить — изволь, куплю. — Продать я не хочу, это будет не.', 'Без девчонки было бы так замашисто, бойко так вырвалось бы из-под самого сердца, так что ничего уж.', 'Можно было видеть тотчас, что он совершил свое поприще, как совершают его все господские приказчики: был прежде просто грамотным мальчишкой в доме, потом женился на какой-нибудь Агашке-ключнице.', '', 'bez-devconki-bylo-by-tak-zamasisto-boiko-tak-vyrvalos-by-iz-pod-samogo-serdca-tak-cto-nicego-uz'),
(299, 150, 'uk', '[uk] Кого ж вибираєте до сповнення громадської волі? Вибрано десять - молодців, між ними боярина. Але.', 'Урадуваний тою заявою, сказав Максим: - Простіть, браття! Одну хвилю я несправедливо судив вас, думаючи, що - ви в змові зі своїм боярином. Але тепер бачу, що кривду робив я вам. - Держімося разом, близько стін, так, аби не могли нас окружити, і - стараймося завдавати їм якнайбільше страти. Монголії, як я чув, - недобре вміють вести облогу, а ще в такій невеличкій силі. Чей, нам - удасться відбити їх напад. Бідний Максим! Він старався в інших вмовити надію, яка у нього самого почала щезати від першої хвилі, коли тільки побачив монголів, і то тим більше тепер, коли переважна їх сила вповні розвернулася перед очима обля-жених. Але все- таки його слова мали велику вагу в його товаришів, що не раз уже мали нагоду переконатися про його притомність духу й оглядність в часі найбільшої.', 'Ні, боярине, не говори сього! Не своєї урази ми до-правдуємось, але - самої правди. Неправдою прийшов ти до нас, боярине, не по правді - поступав з нами,і як же ми можемо повірити тобі начальство.', 'Кого ж вибираєте до сповнення громадської волі? Вибрано десять - молодців, між ними боярина. Але.', 'А тим часом монголи на ріні над Опором зупинилися, позлазили з коней і, розділившися на три відділи, рушили під горбок трьома стежками. Очевидно, провадив їх хтось добре знайомий зі стежками й.', '', 'kogo-z-vibirajete-do-spovnennya-gromadskoyi-voli-vibrano-desyat-molodciv-miz-nimi-boyarina-ale'),
(300, 150, 'ru', '[ru] Ноздрев, — этак и я его обыграю. Нет, вот — и Чичиков заметил на крыльце и, как только выпустить.', 'Манилова воспитана хорошо. А хорошее воспитание, как известно, получается в пансионах. А в пансионах, как известно, три главные предмета составляют основу человеческих добродетелей: французский язык, необходимый для счастия семейственной жизни, фортепьяно, для составления приятных минут супругу, и, наконец, собственно хозяйственная часть: вязание кошельков и других сюрпризов. Впрочем, бывают разные усовершенствования и изменения в мето\'дах, особенно в нынешнее время; все это более зависит от благоразумия и способностей самих содержательниц пансиона. В других пансионах бывает таким образом, что прежде фортепьяно, потом французский язык, а там уже фортепьяно. Разные бывают мето\'ды. Не мешает сделать еще замечание, что Манилова… но, признаюсь, о дамах я очень боюсь говорить, да притом мне.', 'И наврет совершенно без всякой нужды: вдруг расскажет, что у него была лошадь какой-нибудь голубой или розовой шерсти, и тому подобную чепуху, так что слушающие наконец все отходят, произнесши: «Ну.', 'Ноздрев, — этак и я его обыграю. Нет, вот — и Чичиков заметил на крыльце и, как только выпустить.', 'Даже самая погода весьма кстати прислужилась: день был не то ясный, не то мрачный, а какого-то светло-серого цвета, какой бывает только на старых мундирах гарнизонных солдат, этого, впрочем, мирного.', '', 'nozdrev-etak-i-ya-ego-obygrayu-net-vot-i-cicikov-zametil-na-krylce-i-kak-tolko-vypustit'),
(305, 153, 'uk', '[uk] Захар дальше,бо часи - були відчинені, а в - горах. - Ні, не знаємо - ніякого пана. А чого ж велів.', 'А тепер, о горе, і вона була - засуджена, безвинно, за батькову провину. Але проте Максим не відпирався від вибору. Хоч і як тяжке для нього було завдання сповнити громадський засуд, усе-таки він у глибині свого серця радувався ним: адже ж при тій нагоді він побачить її! А може, йому удасться як-небудь потішити її, злагодити хоть своєю щирістю острий засуд громади!.. А тим часом рада громадська йшла далі своєю чергою. Прикликано післанців від сторонських громад, щоб і з ними нарадитись над тим, як боронитися проти нападу монголів. - Зруйновані ми,говорив післанець підгірських громад.Села наші - попалені, худоби зрабовані, молодіж ви-гибла. Широкою рікою - розлилися пожежі і знищення по Підгір\'ю. Князь не дав нам ніякої - оборони, а бояри, що тисли нас в часи спокою, зрадили нас у.', 'І по сім Захар услокоївся, сів і знов звернувся до боярина. - Ми чули, боярине, твоє переконання,сказав він,не повторяй його - другий раз перед нами, нехай воно при тобі лишається. Послухай же.', 'Захар дальше,бо часи - були відчинені, а в - горах. - Ні, не знаємо - ніякого пана. А чого ж велів.', 'Не диво, отже, що Тугар зі своїми гістьми вибирався на лови, мов на війну, з запасом стріл і рогатин, зі слугами й запасами живності, навіть з досвідним знахарем, що вмів замовляти рани. Не диво.', '', 'zaxar-dalsebo-casi-buli-vidcineni-a-v-gorax-ni-ne-znajemo-niyakogo-pana-a-cogo-z-veliv');
INSERT INTO `post_translations` (`id`, `post_id`, `lang`, `title`, `content`, `excerpt`, `metatitle`, `metadescription`, `metakeys`, `slug`) VALUES
(306, 153, 'ru', '[ru] В это время вас бог — принес! Сумятица и вьюга такая… С дороги бы следовало поесть чего- — нибудь.', 'Чичиков подвинулся к пресному пирогу с яйцом, и, съевши тут же с небольшим половину, похвалил его. И в самом деле, пирог сам по себе был вкусен, а после всей возни и проделок со старухой показался еще вкуснее. — А блинков? — сказала хозяйка. В ответ на это Чичиков свернул три блина вместе и, обмакнувши их в растопленное масло, отправил в рот, а губы и руки вытер салфеткой. Повторивши это раза три, он попросил хозяйку приказать заложить его бричку. Настасья Петровна тут же послала Фетинью, приказавши в то же время принести еще горячих блинов. — У вас, матушка, блинцы очень вкусны, — сказал Чичиков, принимаясь за — принесенные горячие. — Да у меня-то их хорошо пекут, — сказала хозяйка, — да вот беда: — урожай плох, мука уж такая неважная… Да что же, батюшка, вы так — спешите? — проговорила.', 'Ну, русака ты не поймаешь рукою! — заметил зять. — А вот же поймал, нарочно поймал! — отвечал Ноздрев — Теперь я поведу — тебя посмотреть, — продолжал он, обращаясь к Чичикову. — Краденый, ни за.', 'В это время вас бог — принес! Сумятица и вьюга такая… С дороги бы следовало поесть чего- — нибудь.', 'Ну, душа, вот это так! Вот это хорошо, постой же, я тебя поцелую за — это. — Здесь Ноздрев и Чичиков поцеловались. — И славно: втроем и — покатим! — Нет, ты уж, пожалуйста, меня-то отпусти.', '', 'v-eto-vremya-vas-bog-prines-sumyatica-i-vyuga-takaya-s-dorogi-by-sledovalo-poest-cego-nibud'),
(307, 154, 'uk', '[uk] Тухлі, а відтам до двора Тугара Вовка. Третій відділ монгольський, висланий Тугаром горою.', 'Я боярин князя Данила,гордо відповідав їм Тугар Вовк.За мої заслуги - князь надгородив мене землями й лісами в Тухольщині. - Але ж се землі й ліси громадські! відповідали йому тухольці. - Се мене нічого не обходить! З тим відпоручники й віддалилися, але зараз по їх відході прийшла з Тухлі ціла ватага сільської молодежі з сокирами і тихесенько порубала рогачку на дрібні кусні, наклала з неї огонь і спалила її недалеко від боярського двора. Боярин лютився на своїм дворі, кляв поганих смердів, але супротивлятися їм не мав смілості і наразі не робив уже другої рогачки. Перший напад на громадські права був відбитий, але тухольці не радувалися завчасно,- вони добре знали, що се тільки перший напад і що за ним треба надіятись інших. І справді, так воно сталося. Одного дня прибігли до Тухлі.', 'Стрімкі ска-листі береги кітловини світилися по обох боках далеко, мов рівні, високі мармурові мури. Потік плив посеред села, тут же біля дороги, шумів і пінився, розбиваючись по каменях, котрими.', 'Тухлі, а відтам до двора Тугара Вовка. Третій відділ монгольський, висланий Тугаром горою.', 'Тільки на хвилю оглушила їх страшна вість, страшна назва «монголи»,- в найближчій хвилі вони вже були тим, чим були звичайно: «вже кождий держав у руках свою зброю, стояв у ряді поруч з іншими.', '', 'tuxli-a-vidtam-do-dvora-tugara-vovka-tretii-viddil-mongolskii-vislanii-tugarom-goroyu'),
(308, 154, 'ru', '[ru] На что ж они тебе? — Ох, не припоминай его, бог с ним! — Ну, так и — наконец выворотил ее.', 'Я вам даю деньги: — пятнадцать рублей ассигнациями. Понимаете ли? Ведь это деньги. Вы их — не сыщете на улице. Ну, признайтесь, почем продали мед? — По двенадцати рублей пуд. — Хватили немножко греха на душу, матушка. По двенадцати не продали. — Ей-богу, продала. — Ну видите ль? Так зато это мед. Вы собирали его, может быть, около — года, с заботами, со старанием, хлопотами; ездили, морили пчел, — кормили их в погребе целую зиму; а мертвые души дело не от мира — сего. Тут вы с своей стороны никакого не прилагали старания, на то — была воля божия, чтоб они оставили мир сей, нанеся ущерб вашему — хозяйству. Там вы получили за труд, за старание двенадцать рублей, а — тут вы берете ни за что, даром, да и не двенадцать, а пятнадцать, да — и не серебром, а все синими ассигнациями. — После.', 'В немногих словах объяснил он ей, что перевод или покупка будет значиться только на бумаге и души будут прописаны как бы живые. — Да на что ж вам расписка? — Все, знаете, лучше расписку. Не ровен.', 'На что ж они тебе? — Ох, не припоминай его, бог с ним! — Ну, так и — наконец выворотил ее.', 'Чичиков и даже почувствовал небольшое — сердечное биение. — Но если выехать из ваших ворот, это будет — направо или налево? — Я вам даже не советую дороги знать к этой собаке! — сказал — Собакевич.', '', 'na-cto-z-oni-tebe-ox-ne-pripominai-ego-bog-s-nim-nu-tak-i-nakonec-vyvorotil-ee'),
(309, 155, 'uk', '[uk] Пета. - І тут монгольські стріли просвистіли без шкоди для обляжених. Тільки ж кажу вам, що.', 'Морани; кров живіше заграла в її молодім серці. Як сильно, як гаряче любила вона в тій хвилі Максима! А Тугар Вовк хоч і слухав Максимової повісті, але, бачилось, не дуже вірив їй, тільки ще раз обернувся, позирнув на кам\'яного тухольського Сторожа і з погордою всміхнувся, немов подумав собі: «От дурні смерди, в якій дурниці покладають свою гордість і свою надію!» Вже наші пішоходи минули вузький протік тухольського потоку і вийшли на ясний світ. Перед їх очима раптом розкинулася довга, крутими горами обмежена долина Опору, котра ген-ген сходилася з долиною Стрию. Сонце вже клонилося на захід і гарячим пурпуром мерко-•гіло в широких хвилях Опору. Тухольський потік скаженими скоками і з лютим шумом гуркотів додолу, щоб скупатися в Опорі. Його вода, різко відбиваючи в собі заходову.', 'Більше як десять громад з ближчої й дальшої околиці прислали до Тухлі своїх виборних на громадську раду, на якій мало обговорюватись побудовання нової дороги. Се був радісний день для Захара. Він не.', 'Пета. - І тут монгольські стріли просвистіли без шкоди для обляжених. Тільки ж кажу вам, що.', 'Всі дихали важко, ледве можучи наловити грудьми повітря, всі отирали краплистий піт із лиць. Максим частенько озирався позад себе. Він зразу противний був тому, щоб і женщина йшла разом з мужами в.', '', 'peta-i-tut-mongolski-strili-prosvistili-bez-skodi-dlya-oblyazenix-tilki-z-kazu-vam-shho'),
(310, 155, 'ru', '[ru] Плохо, отец мой. — Как так? — Бессонница. Все поясница болит, и нога, что повыше косточки, так вот.', 'Уже по одному собачьему лаю, составленному из таких музыкантов, можно было предположить, что деревушка была порядочная; но промокший и озябший герой наш ни о чем не думал, как только о постели. Не успела бричка совершенно остановиться, как он уже соскочил на крыльцо, пошатнулся и чуть не упал. На крыльцо вышла опять какая-то женщина, помоложе прежней, но очень на нее похожая. Она проводила его в комнату. Чичиков кинул вскользь два взгляда: комната была обвешана старенькими полосатыми обоями; картины с какими-то птицами; между окон старинные маленькие зеркала с темными рамками в виде свернувшихся листьев; за всяким зеркалом заложены были или письмо, или старая колода карт, или чулок; стенные часы с нарисованными цветами на циферблате… невмочь было ничего более заметить. Он чувствовал, что.', 'А вот мы его после! — сказал Собакевич. — Ты ступай теперь в свою — комнату, мы с Павлом Ивановичем скинем фраки, маленько приотдохнем! Хозяйка уже изъявила было готовность послать за пуховиками и.', 'Плохо, отец мой. — Как так? — Бессонница. Все поясница болит, и нога, что повыше косточки, так вот.', 'Ноздрев во многих отношениях был многосторонний человек, то есть человек на все руки. В ту же минуту он предлагал вам ехать куда угодно, хоть на край света, войти в какое хотите предприятие, менять.', '', 'ploxo-otec-moi-kak-tak-bessonnica-vse-poyasnica-bolit-i-noga-cto-povyse-kostocki-tak-vot'),
(313, 157, 'uk', 'Контакты', NULL, NULL, 'Контакты', NULL, NULL, NULL),
(314, 157, 'ru', 'Контакты', NULL, NULL, 'Контакты', NULL, NULL, NULL),
(325, 163, 'uk', '[uk] Тугар Вовк, радіючи. Максим Беркут велів товариству на хвилю заглушила в нім бачити не можемо. Се.', 'Озеро було під опікою Морани, богині смерті. Але раз сталося, що цар велетнів посварився з Мораною, і, щоб зробити їй наперекір, ударив своїм чародійським молотом о скалу, і розвалив стіну, так що вся вода з заклятого озера виплила і стратила свою дивну силу. Ціла околиця раптом ожила; дно озера зробилося плодючою долиною і зазеленілося буйними травами та цвітами; в потоці завелися риби, поміж камінням усяка гадь, у лісах звірина, в повітрі птиця. За те розлютилася Морана, бо вона не любить нічого живого, і закляла царя велетнів у отсей камінь. Але долині самій не могла нічого зробити, бо не могла назад вернути мертвящої води, що виплила з озера; якби була вернула назад усю воду до краплини і заткала отсей у скалі вибитий прохід, то була би знов царицею наших гір. А так, то хоч цар.', 'На серці в неї полегшало,- тепер її положення не було таке небезпечне, бо в разі нападу могла вдарити звіра згори. Та ледве Мирослава могла дослідити, що робить медведиця, а вже звірюка стояла.', 'Тугар Вовк, радіючи. Максим Беркут велів товариству на хвилю заглушила в нім бачити не можемо. Се.', 'Максим Беркут: - Боярине! Дуже не впору назвав ти нас, синів вольної громади, рабами! - Ти поглянь на себе! Може, до тебе така назва борше пристане, ніж до - нас. Адже до вчора ще був ти раб княжий.', '', 'tugar-vovk-radiyuci-maksim-berkut-veliv-tovaristvu-na-xvilyu-zaglusila-v-nim-baciti-ne-mozemo-se'),
(326, 163, 'ru', '[ru] Деревянный потемневший трактир принял Чичикова под свой узенький гостеприимный навес на деревянных.', 'И что по существующим положениям этого государства, в славе которому нет равного, ревизские души, окончивши жизненное поприще, числятся, однако ж, до подачи новой ревизской сказки наравне с живыми, чтоб таким образом не обременить присутственные места множеством мелочных и бесполезных справок и не увеличить сложность и без того уже весьма сложного государственного механизма… Собакевич все слушал, наклонивши голову, — и что, однако же, при всей справедливости этой меры она бывает отчасти тягостна для многих владельцев, обязывая их взносить подати так, как бы за живой предмет, и что он, чувствуя уважение личное к нему, готов бы даже отчасти принять на себя эту действительно тяжелую обязанность. Насчет главного предмета Чичиков выразился очень осторожно: никак не назвал души умершими, а.', 'Хозяйка уже изъявила было готовность послать за пуховиками и подушками, но хозяин сказал: «Ничего, мы отдохнем в креслах», — и хозяйка ушла. Собакевич слегка принагнул голову, приготовляясь слышать.', 'Деревянный потемневший трактир принял Чичикова под свой узенький гостеприимный навес на деревянных.', 'Да вот теперь у тебя под властью мужики: ты с ними в ладу и, конечно, их не обидишь, потому что они твои, тебе же будет хуже; а тогда бы у тебя были чиновники, которых бы ты сильно пощелкивал.', '', 'derevyannyi-potemnevsii-traktir-prinyal-cicikova-pod-svoi-uzenkii-gostepriimnyi-naves-na-derevyannyx'),
(327, 164, 'uk', '[uk] Передновинок тяжкий. Рятуйте нас і - стараймося завдавати їм якнайбільше страти. Монголії, як я.', 'Тухоль- щини просту і безпечну дорогу на угорський бік. Довгі літа він носився а тою гадкою, переходив здовж і вшир тухольські полонини, розмірковуючи, куди би найліпше, найбезпечніше і а найменшим коштом можна провести дорогу, а заразом старався звільна й ненастанно накло- нювати верховинські громади по однім і другім боці Бес-кида до того діла. При кождій нагоді, на кождій громадській раді він не залишав доказувати користь і потребу такої дороги, поки вкінці не добився сього. Більше як десять громад з ближчої й дальшої околиці прислали до Тухлі своїх виборних на громадську раду, на якій мало обговорюватись побудовання нової дороги. Се був радісний день для Захара. Він не тільки прийнявся радо сам повитичувати, куди має йти дорога, але також через весь час, поки вона мала будуватися.', 'А наша копа як - осудить, так у нашій громаді й буде. - Побачимо! сказав гнівно й уперто Тугар Вов-я. В ту саму пору - наблизилися наші пішоходи до закличників. Побачивши боярина, - закличники.', 'Передновинок тяжкий. Рятуйте нас і - стараймося завдавати їм якнайбільше страти. Монголії, як я.', 'Бризнув кровавий мозок на боярина, тихо, без рику повалився звір додолу. Радісно заревли труби бояр на знак першої побіди. Звіра витягнено з-поміж вивертів і обдерто зі шкури. Тоді бояри рушили.', '', 'perednovinok-tyazkii-ryatuite-nas-i-staraimosya-zavdavati-yim-yaknaibilse-strati-mongoliyi-yak-ya'),
(328, 164, 'ru', '[ru] Чичиков. — Отчего ж по полтинке еще прибавил. — Да зачем, я и продаю вам, и — перевертываться, и.', 'Глава третья А Чичиков в довольном расположении духа сидел в своей бричке, катившейся давно по столбовой дороге. Из предыдущей главы уже видно, в чем состоял главный предмет его вкуса и склонностей, а потому не диво, что он скоро погрузился весь в него и телом и душою. Предположения, сметы и соображения, блуждавшие по лицу его, видно, были очень приятны, ибо ежеминутно оставляли после себя следы довольной усмешки. Занятый ими, он не обращал никакого внимания на то, как его кучер, довольный приемом дворовых людей Манилова, делал весьма дельные замечания чубарому пристяжному коню, запряженному с правой стороны. Этот чубарый конь был сильно лукав и показывал только для вида, будто бы везет, тогда как коренной гнедой и пристяжной каурой масти, называвшийся Заседателем, потому что был.', 'Хорошо, хорошо, — говорил Чичиков. — Вот видишь, отец мой, и бричка твоя еще не готова, — сказала — хозяйка, когда они вышли на крыльцо. — Будет, будет готова. Расскажите только мне, как добраться.', 'Чичиков. — Отчего ж по полтинке еще прибавил. — Да зачем, я и продаю вам, и — перевертываться, и.', 'Маниловым. Как он ни был степенен и рассудителен, но тут чуть не произвел даже скачок по образцу козла, что, как известно, производится только в самых сильных порывах радости. Он поворотился так.', '', 'cicikov-otcego-z-po-poltinke-eshhe-pribavil-da-zacem-ya-i-prodayu-vam-i-perevertyvatsya-i'),
(347, 174, 'uk', '[uk] Оба ті важкі виходи нинішньої ради наповняли серце старого Захара великим сумом, і він щиро.', 'Він не завважав також, якими злобними очима позирнув на нього Тугар Вовк. Звертаючися до Мирослави, Максим мовив далі спокійним, теплим голосом: - А про той камінь, про нашого Сторожа, я вам оповім, що чув від - батька. Давно то, дуже давно діялось, ще коли велетні жили в наших - горах. То тут, де тепер наша Тухля, стояло велике озеро; сеся - кітловина була ще зовсім замкнена, і тільки через верх текла вода. - Озеро се було закляте: в нім не було нічого живого - ні рибки, ні хробачка; а котра звірина напилася з нього, мусила - згинути; а пташина, що хотіла перелетіти понад нього, мусила впасти - в воду і втопитися. Озеро було під опікою Морани, богині смерті. Але раз сталося, що цар велетнів посварився з Мораною, і, щоб зробити їй наперекір, ударив своїм чародійським молотом о скалу, і.', 'Але ж бо й донька його Мирослава була дівчина, якої пошукати. Не кажемо вже про її уроду й красу, ані про її добре серце - в тім згляді багато її ровесниць могло стати з нею нарівні, хоч і небагато.', 'Оба ті важкі виходи нинішньої ради наповняли серце старого Захара великим сумом, і він щиро.', 'Тухольщини удаватися не можна. Шлях наш при вашій помочі, - чесні загірні громадяни, ми чень оборонимо. Але інших шляхів ми - оборонити не можемо. Се буде ваше діло, чесні тустанські громадяни, - а.', '', 'oba-ti-vazki-vixodi-ninisnyoyi-radi-napovnyali-serce-starogo-zaxara-velikim-sumom-i-vin-shhiro'),
(348, 174, 'ru', '[ru] При этом глаза его делались веселее и улыбка раздвигалась более и более. — Как честный человек.', 'Представь: снилось, что меня высекли, ей-ей! и, — вообрази, кто? Вот ни за что не угадаешь: штабс-ротмистр Поцелуев — вместе с Кувшинниковым. «Да, — подумал про себя Чичиков, — сыграю с ним в шашки! В шашки «игрывал я недурно, а на штуки ему здесь трудно подняться». — Изволь, так и быть, в шашки сыграю. — Души идут в ста рублях! — Зачем же? довольно, если пойдут в пятидесяти. — Нет, что ж за куш пятьдесят? Лучше ж в эту сумму я включу тебе — какого-нибудь щенка средней руки или золотую печатку к часам. — Ну, изволь! — сказал Чичиков. — Сколько же ты мне дашь вперед? — сказал Ноздрев. — Это с какой стати? Конечно, ничего. — По крайней мере пусть будут мои два хода. — Не хочу, я сам плохо играю. — Знаем мы вас, как вы плохо играете! — сказал Ноздрев, выступая — шашкой. — Давненько не брал.', 'Пресный пирог с яйцом! — сказала хозяйка. Чичиков подвинулся к пресному пирогу с яйцом, и, съевши тут же с небольшим половину, похвалил его. И в самом деле, пирог сам по себе был вкусен, а после.', 'При этом глаза его делались веселее и улыбка раздвигалась более и более. — Как честный человек.', 'А блинков? — сказала хозяйка. В ответ на это Чичиков свернул три блина вместе и, обмакнувши их в растопленное масло, отправил в рот, а губы и руки вытер салфеткой. Повторивши это раза три, он.', '', 'pri-etom-glaza-ego-delalis-veselee-i-ulybka-razdvigalas-bolee-i-bolee-kak-cestnyi-celovek'),
(357, 179, 'uk', '[uk] Відітхнув Максим, немов гора з грудей його звалилася, і сміліше почав порядкувати свою ватагу Се й.', 'Коли так, то нехай буде конець нашій раді і нехай боги щастять нашій - зброї! сказав Пета, встаючи з місця. Встали й інші начальники. Тугар - Вовк просив Пету, щоб визначив для нього відділ смілих мужів, а сам пішов до шатра покріпитися і попрощатися з донькою. В темнім шатрі на ліжку, покритім м\'якими зрабова-ннми перинами, сиділа Мирослава і гірко плакала. По всіх страшних і несподіваних вражіннях сього вечора вона аж тепер мала час зібрати свої думки, розглянути добре своє теперішнє положення, в яке втягнув її батько. Положення те було справді страшне, бачилось навіть - безвихідне. Батько її - зрадник, монгольський слуга; вона-в монгольськім таборі, напівгість, напівбранка, а на всякий спосіб кругла сирота. Бо навіть остання її підпора - непохитна віра в свій пророчий сон, в.', 'Та ні, вона воліла б тепер тліти в пожежі і стриміти як кро-вавий трофей перед шатром побідителя, аніж своїми живими очима оглядати ті трофеї, з яких кождий недавно ще був живим чоловіком, думав.', 'Відітхнув Максим, немов гора з грудей його звалилася, і сміліше почав порядкувати свою ватагу Се й.', 'Захар Беркут був правдивим образом тих давніх патріархів, батьків і провідників цілого народу, про яких говорять нам тисячолітні пісні та перекази. Незважаючи на глибоку старість, Захар Беркут був.', '', 'viditxnuv-maksim-nemov-gora-z-grudei-iogo-zvalilasya-i-smilise-pocav-poryadkuvati-svoyu-vatagu-se-i'),
(358, 179, 'ru', '[ru] Он да — еще и понюхать! — Да зачем же приобретать — вещь, решительно для меня дело священное.', 'Ох, батюшка, осьмнадцать человека — сказала старуха, вздохнувши. — И — умер такой всё славный народ, всё работники. После того, правда, — народилось, да что в них: все такая мелюзга; а заседатель подъехал — — подать, говорит, уплачивать с души. Народ мертвый, а плати, как за — живого. На прошлой неделе сгорел у меня кузнец, такой искусный — кузнец и слесарное мастерство знал. — Разве у вас был пожар, матушка? — Бог приберег от такой беды, пожар бы еще хуже; сам сгорел, отец мой. — Внутри у него как-то загорелось, чересчур выпил, только синий огонек — пошел от него, весь истлел, истлел и почернел, как уголь, а такой — был преискусный кузнец! и теперь мне выехать не на чем: некому — лошадей подковать. — На все воля божья, матушка! — сказал Чичиков, вздохнувши, — против — мудрости божией.', 'Нет, больше двух рублей я не могу дать, — сказал Чичиков. — Извольте, чтоб не претендовали на меня, что дорого запрашиваю и не — хочу сделать вам никакого одолжения, извольте — по семидесяти пяти.', 'Он да — еще и понюхать! — Да зачем же приобретать — вещь, решительно для меня дело священное.', 'А как вы нашли нашего губернатора? — сказала Манилова. — Не правда ли, что препочтеннейший и прелюбезнейший человек? — — прибавил Манилов. — Совершенная правда, — сказал Чичиков, — препочтеннейший.', '', 'on-da-eshhe-i-ponyuxat-da-zacem-ze-priobretat-veshh-resitelno-dlya-menya-delo-svyashhennoe'),
(359, 180, 'uk', '[uk] Чінгісхана. Але все-таки ти троха запізно прийшов. Військо наше жде - вже й осяде, і не зовсім.', 'Але тут вони виставлені були на густі монгольські стріли. Щоб хоч троха захиститися від них, Максим велів повідривати двері, познімати верхняки із столів і поуставляти їх перед кож-дим становищем як великі щити. Із-за тих щитів безпечно і вигідно стріляли молодці на монголів, кепкуючи собі з їх стріл. А Максим ходив від становища до становища, обдумував нові способи оборони і заохочував товаришів своїм словом і прикладом. - Держімся, товариші! говорив він.Швидко в Тухлі почують крики або хто-будь побачить, що тут діється, і нам прибуде поміч! Півгодини вже тривала облога. Монголи стріляли і кляли страшно «руських псів», що не то що не піддавалися їм, але ще сміли так уперто і щасливо боронитися. Тугар Вовк скликав знатніших їх ватажків на нараду, щоб обдумати який одностайний рішучий.', 'Він велів мені бути сторожем його земель і його підданих, воєводою і - начальником Тухольщини і дав мені і моїм потемкам у вічне посідання - тухольські землі в нагороду за мою вірну службу. Ось його.', 'Чінгісхана. Але все-таки ти троха запізно прийшов. Військо наше жде - вже й осяде, і не зовсім.', 'Максим.Мої - товариші-тухольці замкнули вихід і не пустять ані одного звіра - відси. Тим-то нам не потрібно розходитися віддалік одним від одних. - Найліпше буде, думаю, розділитися нам на дві ровти.', '', 'cingisxana-ale-vse-taki-ti-troxa-zapizno-priisov-viisko-nase-zde-vze-i-osyade-i-ne-zovsim'),
(360, 180, 'ru', '[ru] Но еще более согласить в чем-нибудь своих противников, он всякий раз, когда ты напился? а? забыл?.', 'А знаете, Павел Иванович, — сказал Манилов, которому очень — понравилась такая мысль, — как было бы в самом деле хорошо, если бы — жить этак вместе, под одною кровлею, или под тенью какого-нибудь — вяза пофилософствовать о чем-нибудь, углубиться!.. — О! это была бы райская жизнь! — сказал Чичиков, вздохнувши. — — Прощайте, сударыня! — продолжал он, подходя к ручке Маниловой. — — Прощайте, почтеннейший друг! Не позабудьте просьбы! — О, будьте уверены! — отвечал Манилов. — Я с вами расстаюсь не долее — как на два дни. Все вышли в столовую. — Прощайте, миленькие малютки! — сказал Чичиков, увидевши Алкида и — Фемистоклюса, которые занимались каким-то деревянным гусаром, у — которого уже не было ни руки, ни носа. — Прощайте, мои крошки. Вы — извините меня, что я не привез вам гостинца, потому.', 'Было заметно, что при постройке его зодчий беспрестанно боролся со вкусом хозяина. Зодчий был педант и хотел симметрии, хозяин — удобства и, как видно, вследствие того заколотил на одной стороне все.', 'Но еще более согласить в чем-нибудь своих противников, он всякий раз, когда ты напился? а? забыл?.', 'Потому что не охотник. — Дрянь же ты! — Что ж делать? так бог создал. — Фетюк просто! Я думал было прежде, что ты хоть сколько-нибудь — порядочный человек, а ты никакого не понимаешь обращения. С.', '', 'no-eshhe-bolee-soglasit-v-cem-nibud-svoix-protivnikov-on-vsyakii-raz-kogda-ty-napilsya-a-zabyl'),
(361, 181, 'uk', '[uk] Далі за ним! крикнув Тугар Вовк одним - позирком переглянув положення обох сторін і зареготався.', 'Вони почули відразу, що тут починається рішуча боротьба, і постановили за радою Захара Беркута стояти твердо і невідступне при своїх правах до крайньої крайності. Зараз тиждень по виставленню рогачки вислала тухоль-ська рада громадська своїх відпоручників до Тугара Вовка. Відпоручники завдали йому коротке і рішуче питання: - Що робиш, боярине? За що спираєш дорогу? - Так мені хочеться! відповів гордо боярин.Коли вам кривда, то йдіть - жалуйтесь на мене до князя. - Але ж се дорога не княжа, а громадська. - Се мене нічого не обходить! З тим відпоручники й віддалилися, але зараз по їх відході прийшла з Тухлі ціла ватага сільської молодежі з сокирами і тихесенько порубала рогачку на дрібні кусні, наклала з неї огонь і спалила її недалеко від боярського двора. Боярин лютився на своїм дворі.', 'Максима! А Тугар Вовк хоч і слухав Максимової повісті, але, бачилось, не дуже вірив їй, тільки ще раз обернувся, позирнув на кам\'яного тухольського Сторожа і з погордою всміхнувся, немов подумав.', 'Далі за ним! крикнув Тугар Вовк одним - позирком переглянув положення обох сторін і зареготався.', 'Довго блукав він по селах і містах святої Русі, поки вкінці не зайшов і до Тухлі. Тут йому сподобалося жити, а що своєю одною рукою вмів плестіг скусні коші і знав багато пісень та оповідань про.', '', 'dali-za-nim-kriknuv-tugar-vovk-odnim-pozirkom-pereglyanuv-polozennya-obox-storin-i-zaregotavsya'),
(362, 181, 'ru', '[ru] Такой славный барабан, этак все — пошло кругом в голове его; перед ним виды: окно глядело едва ли.', 'На бумажке половой, спускаясь с лестницы, прочитал по складам следующее: «Коллежский советник Павел Иванович Чичиков, помещик, по своим надобностям». Когда половой все еще разбирал по складам записку, сам Павел Иванович Чичиков отправился посмотреть город, которым был, как казалось, удовлетворен, ибо нашел, что город никак не уступал другим губернским городам: сильно била в глаза желтая краска на каменных домах и скромно темнела серая на деревянных. Домы были в один, два и полтора этажа, с вечным мезонином, очень красивым, по мнению губернских архитекторов. Местами эти дома казались затерянными среди широкой, как поле, улицы и нескончаемых деревянных заборов; местами сбивались в кучу, и здесь было заметно более движения народа и живости. Попадались почти смытые дождем вывески с.', 'По крайней мере знаете Манилова? — сказал Чичиков — А кто таков Манилов? — Помещик, матушка. — Нет, не слыхивала, нет такого помещика. — Какие же есть? — Бобров, Свиньин, Канапатьев, Харпакин.', 'Такой славный барабан, этак все — пошло кругом в голове его; перед ним виды: окно глядело едва ли.', 'Иногда, глядя с крыльца на двор и на пруд, говорил он о том, как бы хорошо было, если бы вдруг от дома провести подземный ход или чрез пруд выстроить каменный мост, на котором бы были по обеим.', '', 'takoi-slavnyi-baraban-etak-vse-poslo-krugom-v-golove-ego-pered-nim-vidy-okno-glyadelo-edva-li'),
(363, 182, 'uk', '[uk] Боярин нічого не тикаючи. З сердечним трепетом наближався Максим до світлиці Мирослави, надіючись.', 'Чінгісхана, а його кусень заліза зробив бездушним знарядом у руках дикої самоволі, жертвою крова-вої пімсти! Які щасливі були трупи! Вони, хоч покалічені, носили на собі образ і подобу людську,- а його оці пута в одній хвилі зробили скотиною, невольником! - Сонце праведне! кликнув у своїй душевній муці Максим.Невже ж така - твоя воля, щоб я гинув у кайданах? Невже ж ти так часто своїм ясним - усміхом вітало дні моєї радості на те лише, щоб сьогодні повітати - моє бездонне горе? Сонце, невже ж ти перестало бути добрим богом - Тухольщини, а сталося опікуном тих лютих дикунів? . А сонце - сміялося! Ясним, гарячим промінням воно блискотіло в калюжах крові, - цілувало посинілі уста і глибокі рани трупів, крізь які витікав - мозок, вистирчу-вали теплі ще людські тельбухи. І таким самим ясним.', 'Радше сам ти скажи - нам, хто се такий той твій князь? - Як то? крикнув здивований боярин,Ви не знаєте князя Данила? - Ні, не знаємо ніякого князя. - Володаря всіх земель, усіх осель і міст від Сану.', 'Боярин нічого не тикаючи. З сердечним трепетом наближався Максим до світлиці Мирослави, надіючись.', 'І по сім Захар услокоївся, сів і знов звернувся до боярина. - Ми чули, боярине, твоє переконання,сказав він,не повторяй його - другий раз перед нами, нехай воно при тобі лишається. Послухай же.', '', 'boyarin-nicogo-ne-tikayuci-z-serdecnim-trepetom-nablizavsya-maksim-do-svitlici-miroslavi-nadiyucis'),
(364, 182, 'ru', '[ru] И пробовать не хочу иметь. — Порфирий, Павлушка! — кричал Ноздрев, — обратившись к Порфирию и.', 'Чичиков заметил, что это, точно, случается и что натуре находится много вещей, неизъяснимых даже для обширного ума. — Но позвольте прежде одну просьбу… — проговорил он голосом, в котором — отдалось какое-то странное или почти странное выражение, и вслед за — тем неизвестно чего оглянулся назад. — Как давно вы изволили — подавать ревизскую сказку? — Да уж давно; а лучше сказать не припомню. — Как с того времени много у вас умерло крестьян? — А не могу знать; об этом, я полагаю, нужно спросить приказчика. Эй, — человек! позови приказчика, он должен быть сегодня здесь. Приказчик явился. Это был человек лет под сорок, бривший бороду, ходивший в сюртуке и, по-видимому, проводивший очень покойную жизнь, потому что лицо его глядело какою-то пухлою полнотою, а желтоватый цвет кожи и маленькие.', 'Так лучше ж ты их сам продай, когда уверен, что выиграешь втрое. — Я знаю, что выиграю, да мне хочется, чтобы и ты получил выгоду. Чичиков поблагодарил за расположение и напрямик отказался и от.', 'И пробовать не хочу иметь. — Порфирий, Павлушка! — кричал Ноздрев, — обратившись к Порфирию и.', 'Здесь он еще что-то хотел — выразить, но, заметивши, что несколько зарапортовался, ковырнул — только рукою в воздухе и продолжал: — Тогда, конечно, деревня и — уединение имели бы очень много.', '', 'i-probovat-ne-xocu-imet-porfirii-pavluska-krical-nozdrev-obrativsis-k-porfiriyu-i'),
(367, 184, 'uk', '[uk] Доню моя,сказав він лагідно,не жалуйся на мене! Горе наповнило - гіркістю моє серце, гнівом налило.', 'Максим перший вирвався надвір із тої замішанини і, раз тільки - кинувши оком довкола, пізнав усю велич небезпеки. - До зброї, браття, до зброї! Монголи! Монголи! Той крик був мов - наглий удар грому. Всі стали мов мертві, безладна сумішка - перемінилася на безладне остовпіння. Але й се тривало тільки хвилю. - Стукіт кінських копит розлягався все ближче і ближче, а неминуча - небезпека разом обудила всіх із мертвоти! Адже ж усі були смілі, сильні, молоді! Адже ж кождий із них не раз у своїх дитячих і молодечих снах бачив себе в битві, в небезпеці, в кровавій боротьбі з ворогом, і бажав, і молився, щоб сон стався явою, щоб довелось йому колись ставати грудьми в обороні свого краю. І ось хвиля надійшла - і вони ж мали б її перелякатися? Тільки на хвилю оглушила їх страшна вість, страшна.', 'Тухольці вірили, що тота липа - дар їх споконвічного добродія, царя велетнів, який засадив її власноручно на тухольській долині на знак своєї побіди над Мораною. З-під коріння липи било джерело.', 'Доню моя,сказав він лагідно,не жалуйся на мене! Горе наповнило - гіркістю моє серце, гнівом налило.', 'Такий був виразний наказ Ту-гара Вовка. Ось наступив і другий відділ монгольський з долини; молодців стиснено в тій безвихідній кам\'яній кліті, приперто їх до стіни, і лиш тілько вільного місця було.', '', 'donyu-moyaskazav-vin-lagidnone-zaluisya-na-mene-gore-napovnilo-girkistyu-moje-serce-gnivom-nalilo'),
(368, 184, 'ru', '[ru] Селифан. — Молчи, дурак, — сказал Собакевич. — Такой скряга, какого вообразитъ — трудно. В тюрьме.', 'Итак, вот что на первый раз можно сказать о Петрушке. Кучер Селифан был совершенно другой человек… Но автор весьма совестится занимать так долго читателей людьми низкого класса, зная по опыту, как неохотно они знакомятся с низкими сословиями. Таков уже русский человек: страсть сильная зазнаться с тем, который бы хотя одним чином был его повыше, и шапочное знакомство с графом или князем для него лучше всяких тесных дружеских отношений. Автор даже опасается за своего героя, который только коллежский советник. Надворные советники, может быть, и познакомятся с ним, но те, которые подобрались уже к чинам генеральским, те, бог весть, может быть, даже бросят один из тех презрительных взглядов, которые бросаются гордо человеком на все, что ни пресмыкается у ног его, или, что еще хуже, может.', 'У нас не то: у нас есть такие мудрецы, которые с помещиком, имеющим двести душ, будут говорить совсем иначе, нежели с тем, у которого их триста, а у которого их триста, будут говорить опять не так.', 'Селифан. — Молчи, дурак, — сказал Собакевич. — Такой скряга, какого вообразитъ — трудно. В тюрьме.', 'Каких — гонений, каких преследований не испытал, какого горя не вкусил, а за — что? за то, что соблюдал правду, что был чист на своей совести, что — подавал руку и вдовице беспомощной, и.', '', 'selifan-molci-durak-skazal-sobakevic-takoi-skryaga-kakogo-voobrazit-trudno-v-tyurme'),
(373, 187, 'uk', '[uk] Максима. Тоді товариство розділилося. Одну ровту провадив Тугар Вовк, що йшов передом у важкій.', 'Максим. Він добре каже! Він урятував моє життя,- він же ж не хотів би тобі зле радити; він знає добре тутешні звичаї. Тугар Вовк знехотя всміхнувся на ту правдиво жіночу логіку, але чоло його швидко знов наморщилося. - І вже ти протуркала мені упгі тим Максимом! сказав він.Ну, урятував - тобі життя, я і вдячний йому за те, і, коли хочеш, дам йому пару - волів. А тут знов о інші річі йде, до яких не слід мішатися ні тобі, ні Максимові. - Ні, боярине,відмовив на се Максим,ти чей не схочеш унизити мене - відплатою за моє незначне діло. Ані я, ані мій батько не приймемо - ніякої відплати. А то, що я тебе прошу прийти завтра на копу, я - роблю тільки з щирої прихильності. Я рад би, боярине, щоб між ту- - хольською громадою і тобою була згода. - Ну, нехай і так,сказав вкінці Тугар Вовк,прийду.', 'Через плечі у неї перевішений був лук з турового рога і сагайдак зо стрілами, її чорні палкі очі ластівками літали довкола, любуючись рівними, хвилястими контурами верховини і темно-зеленими ситими.', 'Максима. Тоді товариство розділилося. Одну ровту провадив Тугар Вовк, що йшов передом у важкій.', 'Але решта вже не метнулася назад лише з оглушаючим - криком летіла далі й досягла остінка. Страшна була хвиля. Тонкий дощаний остінок ділив від себе смертельних ворогів, що, хоч як близько себе.', '', 'maksima-todi-tovaristvo-rozdililosya-odnu-rovtu-provadiv-tugar-vovk-shho-isov-peredom-u-vazkii'),
(374, 187, 'ru', '[ru] Как же бы это сделать? — сказала в это время, казалось, как будто несколько знакомым. Пока он его.', 'Кто стучит? чего расходились? — Приезжие, матушка, пусти переночевать, — произнес Чичиков. — Вишь ты, какой востроногий, — сказала старуха, — приехал в какое — время! Здесь тебе не постоялый двор: помещица живет. — Что ж делать, матушка: вишь, с дороги сбились. Не ночевать же в — такое время в степи. — Да, время темное, нехорошее время, — прибавил Селифан. — Молчи, дурак, — сказал Чичиков. — Да знаете ли, из чего это все готовится? вы есть не станете, когда — узнаете. — Не знаю, как приготовляется, об этом я не могу судить, но свиные — котлеты и разварная рыба были превосходны. — Это вам так показалось. Ведь я знаю, что они на рынке покупают. — Купит вон тот каналья повар, что выучился у француза, кота, обдерет — его, да и подает на стол вместо зайца. — Фу! какую ты неприятность.', 'Конечно, можно бы заметить, что в доме есть много других занятий, кроме продолжительных поцелуев и сюрпризов, и много бы можно сделать разных запросов. Зачем, например, глупо и без толку готовится.', 'Как же бы это сделать? — сказала в это время, казалось, как будто несколько знакомым. Пока он его.', 'Оказалось, что помещица не вела никаких записок, ни списков, а знала почти всех наизусть; он заставил ее тут же продиктовать их. Некоторые крестьяне несколько изумили его своими фамилиями, а еще.', '', 'kak-ze-by-eto-sdelat-skazala-v-eto-vremya-kazalos-kak-budto-neskolko-znakomym-poka-on-ego'),
(375, 188, 'uk', '[uk] Сторож. - Ех, все у вас ту-хольське,аж - слухати обридло! - скрикнув Тугар Вовк. Ніхто не.', 'Перший ряд скачи за ними,командував у нерозважнім запалі Тугар Вовк. - І скочив перший ряд монголів, але не встав уже живий, ба многі й до - землі не долетіли живі, стрічені в повітрі топорами молодців. - Гурра! закричали ті, радуючись.Ану, другий ряд, скачи також! Але другий ряд стояв над вивозом і не квапився скакати. Тугар Вовк побачив свою помилку і швидко вислав сильний відділ нижче, щоб іздолини замкнути вихід вивозу. - Тепер не уйдуть нам пташки,радувався він.От уже мої ловці надходять! - Ану, діти, далі на них! Скажений крик монголів залунав у вивозі, тут же під ногами Тугара Вовка. Се був відділ, висланий горою •навперейми; вниз вивозом він ударив тепер на ту- хольців. - Вниз вивозом утікаймо! скрикнули молодці, але один позирк переконав - їх, що вся надія на рятунок пропала.', 'Чим менше ми про нього знаємо, а він про нас, тим ліпше для нас. І коби вся наша Русь могла позбутися сьогодні його з усіма його ватагами, то, певно, була би ще щаслива і велика! З дивним чуттям у.', 'Сторож. - Ех, все у вас ту-хольське,аж - слухати обридло! - скрикнув Тугар Вовк. Ніхто не.', 'Він зразу противний був тому, щоб і женщина йшла разом з мужами в той небезпечний похід, але Мирослава уперлася. Вона ж перший раз була на таких великих ловах і мала би для бог зна яких трудностей.', '', 'storoz-ex-vse-u-vas-tu-xolskeaz-sluxati-obridlo-skriknuv-tugar-vovk-nixto-ne'),
(376, 188, 'ru', '[ru] Чичикова прервала вдруг все его мечтания. Мысль о ней как-то особенно не варилась в его бричку.', 'Надобно сказать, кто у нас на Руси если не угнались еще кой в чем другою за иностранцами, то далеко перегнали их в умении обращаться. Пересчитать нельзя всех оттенков и тонкостей нашего обращения. Француз или немец век не смекнет и не поймет всех его особенностей и различий; он почти тем же голосом и тем же языком станет говорить и с миллионщиком, и с мелким табачным торгашом, хотя, конечно, в душе поподличает в меру перед первым. У нас не то: у нас есть такие мудрецы, которые с помещиком, имеющим двести душ, будут говорить совсем иначе, нежели с тем, у которого их пятьсот, опять не так, как с тем, у которого их триста, а у которого их триста, будут говорить опять не так, как с тем, у которого их пятьсот, а с тем, у которого их пятьсот, а с тем, у которого их триста, а у которого их.', 'Москву или не доедет?» — «Доедет», — отвечал другой. «А в Казань-то, я думаю, не доедет?» — «В Казань не доедет», — отвечал другой. Этим разговор и кончился. Да еще, когда бричка подъехала к.', 'Чичикова прервала вдруг все его мечтания. Мысль о ней как-то особенно не варилась в его бричку.', 'Нет, нет, я уж покажу, — отвечала девчонка. — Куда ж? — сказал Селифан, когда подъехали поближе. — Вот куды, — отвечала девчонка, показывая рукою. — Эх ты! — сказал Селифан. — Да это и есть направо.', '', 'cicikova-prervala-vdrug-vse-ego-mectaniya-mysl-o-nei-kak-to-osobenno-ne-varilas-v-ego-bricku'),
(385, 193, 'uk', '[uk] Зате їх цільні, хоч і їм самим грозить та сама навала. Тепер твій Данило щез десь, і, хто знає, а.', 'А перед - самим проходом стояв насторч величезний кам\'яний стовп, усподу геть - підмитий водою і для того тонший, а вгорі немов головатий, оброслий - папороттю та карлуватими берізками. Се був широко звісний Сторож, - котрий, бачилось, пильнував входу в тухольську долину і готов був - упасти на кождого, хто в ворожій цілі вдирався б до сього тихого, - щасливого закутка. Сам Тугар Вовк почув якийсь холод за плечима, - зирнувши на того страшного Сторожа. - Тьфу, яка небезпечна каменюка! сказав він.Так нависла над самим - проходом, що, бачиться, ось-ось упаде! - Се святий камінь, боярине,сказав поважно Максим,йому щовесни - складають вінки з червоного огнику се наш тухольський Сторож. - Ех, все у вас ваше, все у вас святе, все у вас ту-хольське,аж - слухати обридло! - скрикнув Тугар.', 'Романович, хоч і який був ласкавий для бояр - не то що його батько,- але допомогти Їм багато не міг, зайнятий то стараннями про королівську корону, то спорами князів, що дерлись за великокняжий.', 'Зате їх цільні, хоч і їм самим грозить та сама навала. Тепер твій Данило щез десь, і, хто знає, а.', 'Старче, ти, бачу, завзявся роздратувати мене? - Боярине, уважай, що тут суд громадський, а не забава! Скажи мені: - осідаючи на тухольській землі, чи хотів ти бути членом громади, чи - ні? - Я.', '', 'zate-yix-cilni-xoc-i-yim-samim-grozit-ta-sama-navala-teper-tvii-danilo-shhez-des-i-xto-znaje-a'),
(386, 193, 'ru', '[ru] Что ж, не знаешь? — Нет, — сказал белокурый. — В театре одна актриса так, каналья, пела, как.', 'Но из угрюмых уст слышны были на сей раз одни однообразно неприятные восклицания: «Ну же, ну, ворона! зевай! зевай!» — и больше ничего. Даже сам гнедой и Заседатель были недовольны, не услышавши ни разу ни «любезные», ни «почтенные». Чубарый чувствовал пренеприятные удары по своим полным и широким частям. «Вишь ты, как разнесло его! — думал он сам про себя, несколько припрядывая ушами. — Небось знает, где бить! Не хлыснет прямо по спине, а так и выбирает место, где поживее: по ушам зацепит или под брюхо захлыснет». — Направо, что ли? — с таким сухим вопросом обратился Селифан к — сидевшей возле него девчонке, показывая ей кнутом на почерневшую от — дождя дорогу между яркозелеными, освещенными полями. — Нет, нет, я уж покажу, — отвечала девчонка. — Куда ж? — сказал Селифан, когда.', 'Но Селифан никак не мог припомнить, два или три поворота проехал. Сообразив и припоминая несколько дорогу, он догадался, что много было поворотов, которые все пропустил он мимо. Так как русский.', 'Что ж, не знаешь? — Нет, — сказал белокурый. — В театре одна актриса так, каналья, пела, как.', 'Потом пили какой- то бальзам, носивший такое имя, которое даже трудно было припомнить, да и сам хозяин в другой раз назвал его уже другим именем. Обед давно уже кончился, и вина были перепробованы.', '', 'cto-z-ne-znaes-net-skazal-belokuryi-v-teatre-odna-aktrisa-tak-kanalya-pela-kak'),
(387, 194, 'uk', '[uk] О, знаю, знаю, що се - знамено наше! З одного здорового пня вироблений весь той суцільний.', 'Щоби з\'єдинити в одних руках силу народу, треба ослабити силу народу. Щоб одному надати велику власть над народом, треба кождій громаді відібрати її свободу, треба розбити громадські зв\'язки, обезоружити громадські руки. А тоді всяким монголам одверта дорога в нашу країну. Бо поглянь тепер на кашу Русь! Твій владник, твій могу-чий князь Данило пропав десь безвісти. Замість обернутися до свого народу, віддати йому його свободу і зробити з нього живу, непоборну запору проти монгольського наїзду, він, поки монголи руйнують його край, побіг до угорського короля, у нього благаючи помочі. Але угри не поквапні помагати нам, хоч і їм самим грозить та сама навала. Тепер твій Данило щез десь, і, хто знає, може, незадовго його побачите в таборі монгольського хана яко його вірного підданця, щоб.', 'Як нам боронитися? Я думав би, що нам поза границі - нашої Тухольщини удаватися не можна. Шлях наш при вашій помочі, - чесні загірні громадяни, ми чень оборонимо. Але інших шляхів ми - оборонити не.', 'О, знаю, знаю, що се - знамено наше! З одного здорового пня вироблений весь той суцільний.', 'Тільки ж і він, старий розважний чоловік, уникав погляду Мирослави, лише глядів і глядів у огнище на миготячі іскри та попеліючі поліна. - Доню! сказав він вкінці стиха, не підводячи на неї очей.', '', 'o-znayu-znayu-shho-se-znameno-nase-z-odnogo-zdorovogo-pnya-viroblenii-ves-toi-sucilnii'),
(388, 194, 'ru', '[ru] Казалось, в этом уверяю по истинной совести. — Пусть его едет, что в особенности не согласятся на.', 'Свет мелькнул в одном окошке и досягнул туманною струею до забора, указавши нашим дорожным ворота. Селифан принялся стучать, и скоро, отворив калитку, высунулась какая-то фигура, покрытая армяком, и барин со слугою услышали хриплый бабий голос: — Кто стучит? чего расходились? — Приезжие, матушка, пусти переночевать, — произнес Чичиков. — Вишь ты, какой востроногий, — сказала старуха, — приехал в какое — время! Здесь тебе не постоялый двор: помещица живет. — Что ж делать, матушка: вишь, с дороги сбились. Не ночевать же в — такое время в степи. — Да, время темное, нехорошее время, — прибавил Селифан. — Молчи, дурак, — сказал Чичиков. — Да ведь ты жизни не будешь рад, когда приедешь к нему, это просто — жидомор! Ведь я знаю твой характер, ты жестоко опешишься, если — думаешь найти там.', 'Мостовая везде была плоховата. Он заглянул и в городской сад, который состоял из тоненьких дерев, дурно принявшихся, с подпорками внизу, в виде треугольников, очень красиво выкрашенных зеленою.', 'Казалось, в этом уверяю по истинной совести. — Пусть его едет, что в особенности не согласятся на.', 'Ну вот еще, а я-то в чем поеду? — Я тебе дам другую бричку. Вот пойдем в сарай, я тебе покажу ее! Ты — ее только перекрасишь, и будет чудо бричка. «Эк его неугомонный бес как обуял!» — подумал про.', '', 'kazalos-v-etom-uveryayu-po-istinnoi-sovesti-pust-ego-edet-cto-v-osobennosti-ne-soglasyatsya-na'),
(403, 210, 'uk', 'New document', NULL, NULL, NULL, NULL, NULL, NULL),
(404, 210, 'ru', 'New document', NULL, NULL, NULL, NULL, NULL, NULL),
(405, 211, 'uk', 'Обо мне', NULL, NULL, NULL, NULL, NULL, NULL),
(406, 211, 'ru', 'Обо мне', NULL, NULL, NULL, NULL, NULL, NULL),
(407, 212, 'uk', 'Частые вопросы', NULL, NULL, NULL, NULL, NULL, NULL),
(408, 212, 'ru', 'Частые вопросы', NULL, NULL, NULL, NULL, NULL, NULL),
(409, 213, 'uk', 'Услуги', NULL, NULL, NULL, NULL, NULL, NULL),
(410, 213, 'ru', 'Услуги', NULL, NULL, NULL, NULL, NULL, NULL),
(411, 214, 'ru', 'Статьи', NULL, NULL, NULL, NULL, NULL, NULL),
(412, 214, 'uk', 'Статьи', NULL, NULL, NULL, NULL, NULL, NULL),
(413, 215, 'ru', 'Новости', NULL, NULL, NULL, NULL, NULL, NULL),
(414, 215, 'uk', 'Новости', NULL, NULL, NULL, NULL, NULL, NULL);

-- --------------------------------------------------------

--
-- Структура таблицы `sessions`
--

CREATE TABLE IF NOT EXISTS `sessions` (
  `id` varchar(191) COLLATE utf8mb4_unicode_ci NOT NULL,
  `user_id` bigint(20) UNSIGNED DEFAULT NULL,
  `ip_address` varchar(45) COLLATE utf8mb4_unicode_ci DEFAULT NULL,
  `user_agent` text COLLATE utf8mb4_unicode_ci,
  `payload` text COLLATE utf8mb4_unicode_ci NOT NULL,
  `last_activity` int(11) NOT NULL,
  PRIMARY KEY (`id`),
  KEY `sessions_user_id_index` (`user_id`),
  KEY `sessions_last_activity_index` (`last_activity`)
) ENGINE=InnoDB DEFAULT CHARSET=utf8mb4 COLLATE=utf8mb4_unicode_ci;

--
-- Дамп данных таблицы `sessions`
--

INSERT INTO `sessions` (`id`, `user_id`, `ip_address`, `user_agent`, `payload`, `last_activity`) VALUES
('Cotl8cLbd3WuDvTjj4cax76JRYt8166GUkenuD5C', NULL, '185.11.81.230', 'Mozilla/5.0 (Windows NT 10.0; Win64; x64) AppleWebKit/537.36 (KHTML, like Gecko) Chrome/87.0.4280.88 Safari/537.36', 'YTo0OntzOjY6Il90b2tlbiI7czo0MDoiOU9pb3hIMzVUcVI0a2p0OU5zUW9jSmZURFdCaUlwSVRTdnNpNGp2NiI7czo5OiJfcHJldmlvdXMiO2E6MTp7czozOiJ1cmwiO3M6Mjc6Imh0dHBzOi8vbmV2cm9sb2ctcnVkeWNoLmNvbSI7fXM6NjoiX2ZsYXNoIjthOjI6e3M6Mzoib2xkIjthOjA6e31zOjM6Im5ldyI7YTowOnt9fXM6MzoidXJsIjthOjE6e3M6ODoiaW50ZW5kZWQiO3M6MzM6Imh0dHBzOi8vbmV2cm9sb2ctcnVkeWNoLmNvbS9hZG1pbiI7fX0=', 1608541725),
('hxHoqoPdHgxVBH0g3VjbfWt4bPIod9I94tV7wnQX', 2, '37.115.213.153', 'Mozilla/5.0 (Windows NT 10.0; Win64; x64) AppleWebKit/537.36 (KHTML, like Gecko) Chrome/87.0.4280.88 Safari/537.36', 'YTo2OntzOjY6Il90b2tlbiI7czo0MDoiMUhsOEtkRjg3WWhEdHk5NldwNlRwNElibWJCYUlzOUZnM1p2SzdvdCI7czo5OiJfcHJldmlvdXMiO2E6MTp7czozOiJ1cmwiO3M6NDc6Imh0dHBzOi8vbmV2cm9sb2ctcnVkeWNoLmNvbS9hZG1pbi9wb3N0LzE1Ny9lZGl0Ijt9czo2OiJfZmxhc2giO2E6Mjp7czozOiJvbGQiO2E6MDp7fXM6MzoibmV3IjthOjA6e319czozOiJ1cmwiO2E6MDp7fXM6NTA6ImxvZ2luX3dlYl81OWJhMzZhZGRjMmIyZjk0MDE1ODBmMDE0YzdmNThlYTRlMzA5ODlkIjtpOjI7czoxNzoicGFzc3dvcmRfaGFzaF93ZWIiO3M6NjA6IiQyeSQxMCRxd0doaTF3cEwzTnJiREZEQllyT1IuNnlsTzgzdDY5SjJvL0ljRFBGdkQzb3FpNW91blBuQyI7fQ==', 1608542746),
('mnACq97sm1Amow8LTzIuxy2Js0zeFziBxiloENqC', NULL, '37.115.213.153', 'Mozilla/5.0 (Windows NT 10.0; Win64; x64) AppleWebKit/537.36 (KHTML, like Gecko) Chrome/87.0.4280.88 Safari/537.36 Edg/87.0.664.66', 'YTo0OntzOjY6Il90b2tlbiI7czo0MDoiNVZDVEk2NHlxd0ljTTgzWXBYNGdGcDBIYUZOaFllOTFnekprN3RzUiI7czo5OiJfcHJldmlvdXMiO2E6MTp7czozOiJ1cmwiO3M6Mjc6Imh0dHBzOi8vbmV2cm9sb2ctcnVkeWNoLmNvbSI7fXM6NjoiX2ZsYXNoIjthOjI6e3M6Mzoib2xkIjthOjA6e31zOjM6Im5ldyI7YTowOnt9fXM6MzoidXJsIjthOjE6e3M6ODoiaW50ZW5kZWQiO3M6MzM6Imh0dHBzOi8vbmV2cm9sb2ctcnVkeWNoLmNvbS9hZG1pbiI7fX0=', 1608539242),
('o0lQCGMgIvN7phGt8Ug1YximojfI4hKVkUsEZidE', NULL, '37.115.213.153', 'Mozilla/5.0 (Windows NT 10.0; WOW64) AppleWebKit/537.36 (KHTML, like Gecko) QtWebEngine/5.15.2 Chrome/83.0.4103.122 Safari/537.36', 'YTo0OntzOjY6Il90b2tlbiI7czo0MDoiVnVhWmRoeHNOempVU0VqODFRNU5pdk9JQXJQak16S1ZhdkdpcnJyeCI7czo5OiJfcHJldmlvdXMiO2E6MTp7czozOiJ1cmwiO3M6Mjc6Imh0dHBzOi8vbmV2cm9sb2ctcnVkeWNoLmNvbSI7fXM6NjoiX2ZsYXNoIjthOjI6e3M6Mzoib2xkIjthOjA6e31zOjM6Im5ldyI7YTowOnt9fXM6MzoidXJsIjthOjE6e3M6ODoiaW50ZW5kZWQiO3M6MzM6Imh0dHBzOi8vbmV2cm9sb2ctcnVkeWNoLmNvbS9hZG1pbiI7fX0=', 1608539444),
('vD7FvIId1ydfMyWQs5MHoAwdLdVSgUVk2s4r2DrE', NULL, '185.11.81.230', 'Mozilla/5.0 (iPhone; CPU iPhone OS 14_2 like Mac OS X) AppleWebKit/605.1.15 (KHTML, like Gecko) Version/14.0.1 Mobile/15E148 Safari/604.1', 'YTozOntzOjY6Il90b2tlbiI7czo0MDoiYUhBVUJoU1NGRzMzZEhIQlZpTnd3R0RmT0tUTzg1ZW9McGFEaGl6MSI7czo5OiJfcHJldmlvdXMiO2E6MTp7czozOiJ1cmwiO3M6Mjc6Imh0dHBzOi8vbmV2cm9sb2ctcnVkeWNoLmNvbSI7fXM6NjoiX2ZsYXNoIjthOjI6e3M6Mzoib2xkIjthOjA6e31zOjM6Im5ldyI7YTowOnt9fX0=', 1608539235);

-- --------------------------------------------------------

--
-- Структура таблицы `settings`
--

CREATE TABLE IF NOT EXISTS `settings` (
  `id` int(10) UNSIGNED NOT NULL AUTO_INCREMENT,
  `name` varchar(191) COLLATE utf8mb4_unicode_ci NOT NULL,
  `val` text COLLATE utf8mb4_unicode_ci,
  `created_at` timestamp NULL DEFAULT NULL,
  `updated_at` timestamp NULL DEFAULT NULL,
  `group` varchar(191) COLLATE utf8mb4_unicode_ci NOT NULL DEFAULT 'default',
  PRIMARY KEY (`id`)
) ENGINE=InnoDB AUTO_INCREMENT=13 DEFAULT CHARSET=utf8mb4 COLLATE=utf8mb4_unicode_ci;

--
-- Дамп данных таблицы `settings`
--

INSERT INTO `settings` (`id`, `name`, `val`, `created_at`, `updated_at`, `group`) VALUES
(1, 'site-title', '{\"uk\":\"\\u041a\\u0430\\u0431\\u0438\\u043d\\u0435\\u0442 \\u043d\\u0435\\u0432\\u0440\\u043e\\u043b\\u043e\\u0433\\u0430\",\"ru\":\"\\u041a\\u0430\\u0431\\u0438\\u043d\\u0435\\u0442 \\u043d\\u0435\\u0432\\u0440\\u043e\\u043b\\u043e\\u0433\\u0430\"}', '2020-12-15 22:15:01', '2020-12-15 22:15:01', 'default'),
(2, 'site-sub-title', '{\"uk\":\"\\u041a\\u0430\\u0442\\u0435\\u0440\\u0438\\u043d\\u0430 \\u0420\\u0443\\u0434\\u0438\\u0447\",\"ru\":\"\\u041a\\u0430\\u0442\\u0435\\u0440\\u0438\\u043d\\u0430 \\u0420\\u0443\\u0434\\u0438\\u0447\"}', '2020-12-15 22:15:01', '2020-12-15 22:15:01', 'default'),
(3, 'site-email-first', '\"info@nevrolog-rudych.com\"', '2020-12-15 22:15:01', '2020-12-15 22:15:53', 'default'),
(4, 'site-email-two', NULL, '2020-12-15 22:15:01', '2020-12-15 22:15:01', 'default'),
(5, 'site-phone-first', '\"097-944-67-47\"', '2020-12-15 22:15:01', '2020-12-15 22:15:53', 'default'),
(6, 'site-phone-two', NULL, '2020-12-15 22:15:01', '2020-12-15 22:15:01', 'default'),
(7, 'site-phone-three', NULL, '2020-12-15 22:15:01', '2020-12-15 22:15:01', 'default'),
(8, 'site-address', '{\"uk\":\"\\u041a\\u043e\\u0446\\u044e\\u0431\\u0438\\u043d\\u0441\\u043a\\u043e\\u0435, \\u0443\\u043b&nbsp;\\u0414\\u043e\\u043a\\u043e\\u0432\\u0441\\u043a\\u0430\\u044f,&nbsp;10\",\"ru\":\"\\u041a\\u043e\\u0446\\u044e\\u0431\\u0438\\u043d\\u0441\\u043a\\u043e\\u0435, \\u0443\\u043b&nbsp;\\u0414\\u043e\\u043a\\u043e\\u0432\\u0441\\u043a\\u0430\\u044f,&nbsp;10\"}', '2020-12-15 22:15:01', '2020-12-15 22:15:53', 'default'),
(9, 'site-address-map', '\"<iframe src=\\\"https:\\/\\/www.google.com\\/maps\\/embed?pb=!1m18!1m12!1m3!1d2538.3746022661567!2d30.333220815732858!3d50.48998547948082!2m3!1f0!2f0!3f0!3m2!1i1024!2i768!4f13.1!3m3!1m2!1s0x472b332ed05971a5%3A0x15c0ef42f7bade!2z0YPQuy4g0JTQvtC60L7QstGB0LrQsNGPLCAxMCwg0JrQvtGG0Y7QsdC40L3RgdC60L7QtSwg0JrQuNC10LLRgdC60LDRjyDQvtCx0LvQsNGB0YLRjCwgMDgyOTg!5e0!3m2!1sru!2sua!4v1608071093485!5m2!1sru!2sua\\\" width=\\\"600\\\" height=\\\"450\\\" frameborder=\\\"0\\\" style=\\\"border:0;\\\" allowfullscreen=\\\"\\\" aria-hidden=\\\"false\\\" tabindex=\\\"0\\\"><\\/iframe>\"', '2020-12-15 22:15:01', '2020-12-15 22:15:53', 'default'),
(10, 'site-instagram', '\"https:\\/\\/www.instagram.com\\/nevrolog_ekateryna_kiev\\/\"', '2020-12-15 22:15:01', '2020-12-15 22:15:53', 'default'),
(11, 'site-facebook', NULL, '2020-12-15 22:15:01', '2020-12-15 22:15:01', 'default'),
(12, 'site-email-from', '{\"ru\":\"\\u041a\\u0430\\u0442\\u0435\\u0440\\u0438\\u043d\\u0430 \\u0420\\u0443\\u0434\\u0438\\u0447\",\"uk\":\"\\u041a\\u0430\\u0442\\u0435\\u0440\\u0438\\u043d\\u0430 \\u0420\\u0443\\u0434\\u0438\\u0447\"}', '2020-12-17 09:11:30', '2020-12-17 09:11:30', 'default');

-- --------------------------------------------------------

--
-- Структура таблицы `taxonomies`
--

CREATE TABLE IF NOT EXISTS `taxonomies` (
  `id` bigint(20) UNSIGNED NOT NULL AUTO_INCREMENT,
  `created_at` timestamp NULL DEFAULT NULL,
  `updated_at` timestamp NULL DEFAULT NULL,
  `_lft` int(10) UNSIGNED NOT NULL DEFAULT '0',
  `_rgt` int(10) UNSIGNED NOT NULL DEFAULT '0',
  `parent_id` int(10) UNSIGNED DEFAULT NULL,
  PRIMARY KEY (`id`),
  KEY `taxonomies__lft__rgt_parent_id_index` (`_lft`,`_rgt`,`parent_id`)
) ENGINE=InnoDB DEFAULT CHARSET=utf8mb4 COLLATE=utf8mb4_unicode_ci;

-- --------------------------------------------------------

--
-- Структура таблицы `taxonomy_translations`
--

CREATE TABLE IF NOT EXISTS `taxonomy_translations` (
  `id` bigint(20) UNSIGNED NOT NULL AUTO_INCREMENT,
  `taxonomy_id` bigint(20) UNSIGNED NOT NULL,
  `lang` varchar(4) COLLATE utf8mb4_unicode_ci NOT NULL,
  `title` varchar(191) COLLATE utf8mb4_unicode_ci DEFAULT NULL,
  `content` longtext COLLATE utf8mb4_unicode_ci,
  `excerpt` text COLLATE utf8mb4_unicode_ci,
  `metatitle` varchar(191) COLLATE utf8mb4_unicode_ci DEFAULT NULL,
  `metadescription` varchar(191) COLLATE utf8mb4_unicode_ci DEFAULT NULL,
  `metakeys` varchar(191) COLLATE utf8mb4_unicode_ci DEFAULT NULL,
  `slug` varchar(191) COLLATE utf8mb4_unicode_ci DEFAULT NULL,
  PRIMARY KEY (`id`),
  UNIQUE KEY `taxonomy_translations_taxonomy_id_lang_unique` (`taxonomy_id`,`lang`),
  KEY `taxonomy_translations_taxonomy_id_index` (`taxonomy_id`),
  KEY `taxonomy_translations_lang_index` (`lang`)
) ENGINE=InnoDB DEFAULT CHARSET=utf8mb4 COLLATE=utf8mb4_unicode_ci;

-- --------------------------------------------------------

--
-- Структура таблицы `users`
--

CREATE TABLE IF NOT EXISTS `users` (
  `id` bigint(20) UNSIGNED NOT NULL AUTO_INCREMENT,
  `name` varchar(191) COLLATE utf8mb4_unicode_ci NOT NULL,
  `role` varchar(10) COLLATE utf8mb4_unicode_ci DEFAULT NULL,
  `email` varchar(191) COLLATE utf8mb4_unicode_ci NOT NULL,
  `email_verified_at` timestamp NULL DEFAULT NULL,
  `password` varchar(191) COLLATE utf8mb4_unicode_ci NOT NULL,
  `two_factor_secret` text COLLATE utf8mb4_unicode_ci,
  `two_factor_recovery_codes` text COLLATE utf8mb4_unicode_ci,
  `remember_token` varchar(100) COLLATE utf8mb4_unicode_ci DEFAULT NULL,
  `current_team_id` bigint(20) UNSIGNED DEFAULT NULL,
  `profile_photo_path` text COLLATE utf8mb4_unicode_ci,
  `created_at` timestamp NULL DEFAULT NULL,
  `updated_at` timestamp NULL DEFAULT NULL,
  PRIMARY KEY (`id`),
  UNIQUE KEY `users_email_unique` (`email`)
) ENGINE=InnoDB AUTO_INCREMENT=3 DEFAULT CHARSET=utf8mb4 COLLATE=utf8mb4_unicode_ci;

--
-- Дамп данных таблицы `users`
--

INSERT INTO `users` (`id`, `name`, `role`, `email`, `email_verified_at`, `password`, `two_factor_secret`, `two_factor_recovery_codes`, `remember_token`, `current_team_id`, `profile_photo_path`, `created_at`, `updated_at`) VALUES
(1, 'Victor', 'admin', 'victor@gmail.com', NULL, '$2y$10$1X4lAQWhS4CTlyov74FnYeV0FsNSMTFTFItwcIr9li5dE.lLeCoum', NULL, NULL, NULL, NULL, NULL, NULL, NULL),
(2, 'Admin', 'admin', 'info@nevrolog-rudych.com', NULL, '$2y$10$qwGhi1wpL3NrbDFDBYrOR.6ylO83t69J2o/IcDPFvD3oqi5ounPnC', NULL, NULL, NULL, NULL, NULL, '2020-12-17 09:20:22', '2020-12-17 09:20:22');

--
-- Ограничения внешнего ключа сохраненных таблиц
--

--
-- Ограничения внешнего ключа таблицы `menu_translations`
--
ALTER TABLE `menu_translations`
  ADD CONSTRAINT `menu_translations_menu_id_foreign` FOREIGN KEY (`menu_id`) REFERENCES `menu` (`id`) ON DELETE CASCADE;

--
-- Ограничения внешнего ключа таблицы `metadata`
--
ALTER TABLE `metadata`
  ADD CONSTRAINT `metadata_post_id_foreign` FOREIGN KEY (`post_id`) REFERENCES `posts` (`id`) ON DELETE CASCADE;

--
-- Ограничения внешнего ключа таблицы `post_translations`
--
ALTER TABLE `post_translations`
  ADD CONSTRAINT `post_translations_post_id_foreign` FOREIGN KEY (`post_id`) REFERENCES `posts` (`id`) ON DELETE CASCADE;

--
-- Ограничения внешнего ключа таблицы `taxonomy_translations`
--
ALTER TABLE `taxonomy_translations`
  ADD CONSTRAINT `taxonomy_translations_taxonomy_id_foreign` FOREIGN KEY (`taxonomy_id`) REFERENCES `taxonomies` (`id`) ON DELETE CASCADE;
COMMIT;

/*!40101 SET CHARACTER_SET_CLIENT=@OLD_CHARACTER_SET_CLIENT */;
/*!40101 SET CHARACTER_SET_RESULTS=@OLD_CHARACTER_SET_RESULTS */;
/*!40101 SET COLLATION_CONNECTION=@OLD_COLLATION_CONNECTION */;
